id,type,series,formation,vehicle_number,company,depot,car_count,active,note
1,car,DF200,,DF200-901,JR貨物,五稜郭機関区,1,0,
2,car,DF200,,DF200-1,JR貨物,五稜郭機関区,1,1,
3,car,DF200,,DF200-2,JR貨物,五稜郭機関区,1,1,
4,car,DF200,,DF200-3,JR貨物,五稜郭機関区,1,1,
5,car,DF200,,DF200-4,JR貨物,五稜郭機関区,1,1,
6,car,DF200,,DF200-5,JR貨物,五稜郭機関区,1,1,
7,car,DF200,,DF200-6,JR貨物,五稜郭機関区,1,1,
8,car,DF200,,DF200-7,JR貨物,五稜郭機関区,1,1,
9,car,DF200,,DF200-8,JR貨物,五稜郭機関区,1,1,
10,car,DF200,,DF200-9,JR貨物,五稜郭機関区,1,1,
11,car,DF200,,DF200-10,JR貨物,五稜郭機関区,1,1,
12,T,DF200,,DF200-11,JR貨物,五稜郭機関区,1,1,
13,car,DF200,,DF200-12,JR貨物,五稜郭機関区,1,1,
14,car,DF200,,DF200-51,JR貨物,五稜郭機関区,1,1,
15,car,DF200,,DF200-52,JR貨物,五稜郭機関区,1,1,
16,car,DF200,,DF200-53,JR貨物,五稜郭機関区,1,1,
17,car,DF200,,DF200-54,JR貨物,五稜郭機関区,1,1,
18,car,DF200,,DF200-55,JR貨物,五稜郭機関区,1,1,
19,car,DF200,,DF200-57,JR貨物,五稜郭機関区,1,1,
20,car,DF200,,DF200-58,JR貨物,五稜郭機関区,1,1,
21,car,DF200,,DF200-59,JR貨物,五稜郭機関区,1,1,
22,car,DF200,,DF200-60,JR貨物,五稜郭機関区,1,1,
23,car,DF200,,DF200-61,JR貨物,五稜郭機関区,1,1,
24,car,DF200,,DF200-62,JR貨物,五稜郭機関区,1,1,
25,car,DF200,,DF200-63,JR貨物,五稜郭機関区,1,1,
26,car,DF200,,DF200-101,JR貨物,五稜郭機関区,1,1,
27,car,DF200,,DF200-102,JR貨物,五稜郭機関区,1,1,
28,car,DF200,,DF200-103,JR貨物,五稜郭機関区,1,1,
29,car,DF200,,DF200-104,JR貨物,五稜郭機関区,1,1,
30,car,DF200,,DF200-108,JR貨物,五稜郭機関区,1,1,
31,car,DF200,,DF200-109,JR貨物,五稜郭機関区,1,1,
32,car,DF200,,DF200-110,JR貨物,五稜郭機関区,1,1,
33,car,DF200,,DF200-111,JR貨物,五稜郭機関区,1,1,
34,car,DF200,,DF200-112,JR貨物,五稜郭機関区,1,1,
35,car,DF200,,DF200-113,JR貨物,五稜郭機関区,1,1,
36,car,DF200,,DF200-114,JR貨物,五稜郭機関区,1,1,
37,car,DF200,,DF200-115,JR貨物,五稜郭機関区,1,1,
38,car,DF200,,DF200-117,JR貨物,五稜郭機関区,1,1,
39,car,DF200,,DF200-118,JR貨物,五稜郭機関区,1,1,
40,car,DF200,,DF200-119,JR貨物,五稜郭機関区,1,1,
41,car,DF200,,DF200-121,JR貨物,五稜郭機関区,1,1,
42,car,EH800,,EH800-901,JR貨物,五稜郭機関区,1,1,
43,car,EH800,,EH800-1,JR貨物,五稜郭機関区,1,1,
44,car,EH800,,EH800-2,JR貨物,五稜郭機関区,1,1,
45,car,EH800,,EH800-3,JR貨物,五稜郭機関区,1,1,
46,car,EH800,,EH800-4,JR貨物,五稜郭機関区,1,1,
47,car,EH800,,EH800-5,JR貨物,五稜郭機関区,1,1,
48,car,EH800,,EH800-6,JR貨物,五稜郭機関区,1,1,
49,car,EH800,,EH800-7,JR貨物,五稜郭機関区,1,1,
50,car,EH800,,EH800-8,JR貨物,五稜郭機関区,1,1,
51,car,EH800,,EH800-9,JR貨物,五稜郭機関区,1,1,
52,car,EH800,,EH800-10,JR貨物,五稜郭機関区,1,1,
53,car,EH800,,EH800-11,JR貨物,五稜郭機関区,1,1,
54,car,EH800,,EH800-12,JR貨物,五稜郭機関区,1,1,
55,car,EH800,,EH800-13,JR貨物,五稜郭機関区,1,1,
56,car,EH800,,EH800-14,JR貨物,五稜郭機関区,1,1,
57,car,EH800,,EH800-15,JR貨物,五稜郭機関区,1,1,
58,car,EH800,,EH800-16,JR貨物,五稜郭機関区,1,1,
59,car,EH800,,EH800-17,JR貨物,五稜郭機関区,1,1,
60,car,EH800,,EH800-18,JR貨物,五稜郭機関区,1,1,
61,car,EH800,,EH800-19,JR貨物,五稜郭機関区,1,1,
62,car,HD300,,HD300-29,JR貨物,苗穂車両所,1,1,
63,car,HD300,,HD300-501,JR貨物,苗穂車両所,1,1,
64,car,HD300,,HD300-502,JR貨物,苗穂車両所,1,1,
65,car,HD300,,HD300-503,JR貨物,苗穂車両所,1,1,
66,car,EH500,,EH500-901,JR貨物,仙台総合鉄道部,1,0,
67,car,EH500,,EH500-1,JR貨物,仙台総合鉄道部,1,1,
68,car,EH500,,EH500-2,JR貨物,仙台総合鉄道部,1,1,
69,car,EH500,,EH500-3,JR貨物,仙台総合鉄道部,1,1,
70,car,EH500,,EH500-4,JR貨物,仙台総合鉄道部,1,1,
71,car,EH500,,EH500-5,JR貨物,仙台総合鉄道部,1,1,
72,car,EH500,,EH500-6,JR貨物,仙台総合鉄道部,1,1,
73,car,EH500,,EH500-7,JR貨物,仙台総合鉄道部,1,1,
74,car,EH500,,EH500-8,JR貨物,仙台総合鉄道部,1,1,
75,car,EH500,,EH500-9,JR貨物,仙台総合鉄道部,1,1,
76,car,EH500,,EH500-10,JR貨物,仙台総合鉄道部,1,1,
77,car,EH500,,EH500-11,JR貨物,仙台総合鉄道部,1,1,
78,car,EH500,,EH500-12,JR貨物,仙台総合鉄道部,1,1,
79,car,EH500,,EH500-13,JR貨物,仙台総合鉄道部,1,1,
80,car,EH500,,EH500-14,JR貨物,仙台総合鉄道部,1,1,
81,car,EH500,,EH500-15,JR貨物,仙台総合鉄道部,1,1,
82,car,EH500,,EH500-16,JR貨物,仙台総合鉄道部,1,1,
83,car,EH500,,EH500-17,JR貨物,仙台総合鉄道部,1,1,
84,car,EH500,,EH500-18,JR貨物,仙台総合鉄道部,1,1,
85,car,EH500,,EH500-19,JR貨物,仙台総合鉄道部,1,1,
86,car,EH500,,EH500-20,JR貨物,仙台総合鉄道部,1,1,
87,car,EH500,,EH500-21,JR貨物,仙台総合鉄道部,1,1,
88,car,EH500,,EH500-22,JR貨物,仙台総合鉄道部,1,1,
89,car,EH500,,EH500-23,JR貨物,仙台総合鉄道部,1,1,
90,car,EH500,,EH500-24,JR貨物,仙台総合鉄道部,1,1,
91,car,EH500,,EH500-25,JR貨物,仙台総合鉄道部,1,1,
92,car,EH500,,EH500-26,JR貨物,仙台総合鉄道部,1,1,
93,car,EH500,,EH500-27,JR貨物,仙台総合鉄道部,1,1,
94,car,EH500,,EH500-28,JR貨物,仙台総合鉄道部,1,1,
95,car,EH500,,EH500-29,JR貨物,仙台総合鉄道部,1,1,
96,car,EH500,,EH500-30,JR貨物,仙台総合鉄道部,1,1,
97,car,EH500,,EH500-31,JR貨物,仙台総合鉄道部,1,1,
98,car,EH500,,EH500-32,JR貨物,仙台総合鉄道部,1,1,
99,car,EH500,,EH500-33,JR貨物,仙台総合鉄道部,1,1,
100,car,EH500,,EH500-34,JR貨物,仙台総合鉄道部,1,1,
101,car,EH500,,EH500-35,JR貨物,仙台総合鉄道部,1,1,
102,car,EH500,,EH500-36,JR貨物,仙台総合鉄道部,1,1,
103,car,EH500,,EH500-37,JR貨物,仙台総合鉄道部,1,1,
104,car,EH500,,EH500-38,JR貨物,仙台総合鉄道部,1,1,
105,car,EH500,,EH500-39,JR貨物,仙台総合鉄道部,1,1,
106,car,EH500,,EH500-40,JR貨物,仙台総合鉄道部,1,1,
107,car,EH500,,EH500-41,JR貨物,仙台総合鉄道部,1,1,
108,car,EH500,,EH500-42,JR貨物,仙台総合鉄道部,1,1,
109,car,EH500,,EH500-43,JR貨物,仙台総合鉄道部,1,1,
110,car,EH500,,EH500-44,JR貨物,仙台総合鉄道部,1,1,
111,car,EH500,,EH500-51,JR貨物,仙台総合鉄道部,1,1,
112,car,EH500,,EH500-52,JR貨物,仙台総合鉄道部,1,1,
113,car,EH500,,EH500-53,JR貨物,仙台総合鉄道部,1,1,
114,car,EH500,,EH500-54,JR貨物,仙台総合鉄道部,1,1,
115,car,EH500,,EH500-55,JR貨物,仙台総合鉄道部,1,1,
116,car,EH500,,EH500-56,JR貨物,仙台総合鉄道部,1,1,
117,car,EH500,,EH500-57,JR貨物,仙台総合鉄道部,1,1,
118,car,EH500,,EH500-58,JR貨物,仙台総合鉄道部,1,1,
119,car,EH500,,EH500-59,JR貨物,仙台総合鉄道部,1,1,
120,car,EH500,,EH500-60,JR貨物,仙台総合鉄道部,1,1,
121,car,EH500,,EH500-61,JR貨物,仙台総合鉄道部,1,1,
122,car,EH500,,EH500-62,JR貨物,仙台総合鉄道部,1,1,
123,car,EH500,,EH500-63,JR貨物,仙台総合鉄道部,1,1,
124,car,EH500,,EH500-64,JR貨物,仙台総合鉄道部,1,1,
125,car,EH500,,EH500-74,JR貨物,仙台総合鉄道部,1,1,
126,car,EH500,,EH500-75,JR貨物,仙台総合鉄道部,1,1,
127,car,EH500,,EH500-76,JR貨物,仙台総合鉄道部,1,1,
128,car,EH500,,EH500-77,JR貨物,仙台総合鉄道部,1,1,
129,car,EH500,,EH500-78,JR貨物,仙台総合鉄道部,1,1,
130,car,EH500,,EH500-79,JR貨物,仙台総合鉄道部,1,1,
131,car,EH500,,EH500-80,JR貨物,仙台総合鉄道部,1,1,
132,car,EH500,,EH500-81,JR貨物,仙台総合鉄道部,1,1,
133,car,DE10,,DE10-1539,JR貨物,仙台総合鉄道部,1,1,
134,car,DE10,,DE10-1591,JR貨物,仙台総合鉄道部,1,1,
135,car,EH200,,EH200-901,JR貨物,高崎機関区,1,1,
136,car,EH200,,EH200-1,JR貨物,高崎機関区,1,1,
137,car,EH200,,EH200-2,JR貨物,高崎機関区,1,1,
138,car,EH200,,EH200-3,JR貨物,高崎機関区,1,1,
139,car,EH200,,EH200-4,JR貨物,高崎機関区,1,1,
140,car,EH200,,EH200-5,JR貨物,高崎機関区,1,1,
141,car,EH200,,EH200-6,JR貨物,高崎機関区,1,1,
142,car,EH200,,EH200-7,JR貨物,高崎機関区,1,1,
143,car,EH200,,EH200-8,JR貨物,高崎機関区,1,1,
144,car,EH200,,EH200-9,JR貨物,高崎機関区,1,1,
145,car,EH200,,EH200-10,JR貨物,高崎機関区,1,1,
146,car,EH200,,EH200-11,JR貨物,高崎機関区,1,1,
147,car,EH200,,EH200-12,JR貨物,高崎機関区,1,1,
148,car,EH200,,EH200-13,JR貨物,高崎機関区,1,1,
149,car,EH200,,EH200-14,JR貨物,高崎機関区,1,1,
150,car,EH200,,EH200-15,JR貨物,高崎機関区,1,1,
151,car,EH200,,EH200-16,JR貨物,高崎機関区,1,1,
152,car,EH200,,EH200-17,JR貨物,高崎機関区,1,1,
153,car,EH200,,EH200-18,JR貨物,高崎機関区,1,1,
154,car,EH200,,EH200-19,JR貨物,高崎機関区,1,1,
155,car,EH200,,EH200-20,JR貨物,高崎機関区,1,1,
156,car,EH200,,EH200-21,JR貨物,高崎機関区,1,1,
157,car,EH200,,EH200-22,JR貨物,高崎機関区,1,1,
158,car,EH200,,EH200-23,JR貨物,高崎機関区,1,1,
159,car,EH200,,EH200-24,JR貨物,高崎機関区,1,1,
160,car,EF65,,EF65-1001,JR貨物,新鶴見機関区,1,0,
161,car,EF65,,EF65-2066,JR貨物,新鶴見機関区,1,1,
162,car,EF65,,EF65-2070,JR貨物,新鶴見機関区,1,1,
163,car,EF65,,EF65-2080,JR貨物,新鶴見機関区,1,1,
164,car,EF65,,EF65-2081,JR貨物,新鶴見機関区,1,1,
165,car,EF65,,EF65-2083,JR貨物,新鶴見機関区,1,1,
166,car,EF65,,EF65-2084,JR貨物,新鶴見機関区,1,1,
167,car,EF65,,EF65-2085,JR貨物,新鶴見機関区,1,1,
168,car,EF65,,EF65-2086,JR貨物,新鶴見機関区,1,1,
169,car,EF65,,EF65-2087,JR貨物,新鶴見機関区,1,1,
170,car,EF65,,EF65-2088,JR貨物,新鶴見機関区,1,1,
171,car,EF65,,EF65-2089,JR貨物,新鶴見機関区,1,1,
172,car,EF65,,EF65-2090,JR貨物,新鶴見機関区,1,1,
173,car,EF65,,EF65-2092,JR貨物,新鶴見機関区,1,1,
174,car,EF65,,EF65-2096,JR貨物,新鶴見機関区,1,1,
175,car,EF65,,EF65-2097,JR貨物,新鶴見機関区,1,1,
176,car,EF65,,EF65-2101,JR貨物,新鶴見機関区,1,1,
177,car,EF210,,EF210-103,JR貨物,新鶴見機関区,1,1,
178,car,EF210,,EF210-104,JR貨物,新鶴見機関区,1,1,
179,car,EF210,,EF210-105,JR貨物,新鶴見機関区,1,1,
180,car,EF210,,EF210-106,JR貨物,新鶴見機関区,1,1,
181,car,EF210,,EF210-107,JR貨物,新鶴見機関区,1,1,
182,car,EF210,,EF210-108,JR貨物,新鶴見機関区,1,1,
183,car,EF210,,EF210-109,JR貨物,新鶴見機関区,1,1,
184,car,EF210,,EF210-110,JR貨物,新鶴見機関区,1,1,
185,car,EF210,,EF210-111,JR貨物,新鶴見機関区,1,1,
186,car,EF210,,EF210-112,JR貨物,新鶴見機関区,1,1,
187,car,EF210,,EF210-113,JR貨物,新鶴見機関区,1,1,
188,car,EF210,,EF210-114,JR貨物,新鶴見機関区,1,1,
189,car,EF210,,EF210-115,JR貨物,新鶴見機関区,1,1,
190,car,EF210,,EF210-116,JR貨物,新鶴見機関区,1,1,
191,car,EF210,,EF210-117,JR貨物,新鶴見機関区,1,1,
192,car,EF210,,EF210-118,JR貨物,新鶴見機関区,1,1,
193,car,EF210,,EF210-119,JR貨物,新鶴見機関区,1,1,
194,car,EF210,,EF210-120,JR貨物,新鶴見機関区,1,1,
195,car,EF210,,EF210-121,JR貨物,新鶴見機関区,1,1,
196,car,EF210,,EF210-122,JR貨物,新鶴見機関区,1,1,
197,car,EF210,,EF210-123,JR貨物,新鶴見機関区,1,1,
198,car,EF210,,EF210-124,JR貨物,新鶴見機関区,1,1,
199,car,EF210,,EF210-125,JR貨物,新鶴見機関区,1,1,
200,car,EF210,,EF210-132,JR貨物,新鶴見機関区,1,1,
201,car,EF210,,EF210-133,JR貨物,新鶴見機関区,1,1,
202,car,EF210,,EF210-134,JR貨物,新鶴見機関区,1,1,
203,car,EF210,,EF210-135,JR貨物,新鶴見機関区,1,1,
204,car,EF210,,EF210-136,JR貨物,新鶴見機関区,1,1,
205,car,EF210,,EF210-142,JR貨物,新鶴見機関区,1,1,
206,car,EF210,,EF210-143,JR貨物,新鶴見機関区,1,1,
207,car,EF210,,EF210-150,JR貨物,新鶴見機関区,1,1,
208,car,EF210,,EF210-151,JR貨物,新鶴見機関区,1,1,
209,car,EF210,,EF210-155,JR貨物,新鶴見機関区,1,1,
210,car,EF210,,EF210-161,JR貨物,新鶴見機関区,1,1,
211,car,EF210,,EF210-162,JR貨物,新鶴見機関区,1,1,
212,car,EF210,,EF210-163,JR貨物,新鶴見機関区,1,1,
213,car,EF210,,EF210-164,JR貨物,新鶴見機関区,1,1,
214,car,EF210,,EF210-170,JR貨物,新鶴見機関区,1,1,
215,car,EF210,,EF210-171,JR貨物,新鶴見機関区,1,1,
216,car,EF210,,EF210-172,JR貨物,新鶴見機関区,1,1,
217,car,EF210,,EF210-173,JR貨物,新鶴見機関区,1,1,
218,car,EF210,,EF210-344,JR貨物,新鶴見機関区,1,1,
219,car,EF210,,EF210-345,JR貨物,新鶴見機関区,1,1,
220,car,EF210,,EF210-346,JR貨物,新鶴見機関区,1,1,
221,car,EF210,,EF210-347,JR貨物,新鶴見機関区,1,1,
222,car,EF210,,EF210-348,JR貨物,新鶴見機関区,1,1,
223,car,EF210,,EF210-357,JR貨物,新鶴見機関区,1,1,
224,car,EF210,,EF210-358,JR貨物,新鶴見機関区,1,1,
225,car,EF210,,EF210-359,JR貨物,新鶴見機関区,1,1,
226,car,EF210,,EF210-360,JR貨物,新鶴見機関区,1,1,
227,car,EF210,,EF210-361,JR貨物,新鶴見機関区,1,1,
228,car,EF210,,EF210-362,JR貨物,新鶴見機関区,1,1,
229,car,EF210,,EF210-363,JR貨物,新鶴見機関区,1,1,
230,car,EF210,,EF210-364,JR貨物,新鶴見機関区,1,1,
231,car,EF210,,EF210-375,JR貨物,新鶴見機関区,1,1,
232,car,EF210,,EF210-376,JR貨物,新鶴見機関区,1,1,
233,car,EF210,,EF210-377,JR貨物,新鶴見機関区,1,1,
234,car,DE10,,DE10-1662,JR貨物,新鶴見機関区,1,1,
235,car,DE11,,DE11-2001,JR貨物,新鶴見機関区,1,1,
236,car,DE11,,DE11-2003,JR貨物,新鶴見機関区,1,1,
237,car,HD300,,HD300-901,JR貨物,新鶴見機関区,1,1,
238,car,HD300,,HD300-1,JR貨物,新鶴見機関区,1,1,
239,car,HD300,,HD300-2,JR貨物,新鶴見機関区,1,1,
240,car,HD300,,HD300-3,JR貨物,新鶴見機関区,1,1,
241,car,HD300,,HD300-4,JR貨物,新鶴見機関区,1,1,
242,car,HD300,,HD300-5,JR貨物,新鶴見機関区,1,1,
243,car,HD300,,HD300-6,JR貨物,新鶴見機関区,1,1,
244,car,HD300,,HD300-7,JR貨物,新鶴見機関区,1,1,
245,car,HD300,,HD300-8,JR貨物,新鶴見機関区,1,1,
246,car,HD300,,HD300-9,JR貨物,新鶴見機関区,1,1,
247,car,HD300,,HD300-10,JR貨物,新鶴見機関区,1,1,
248,car,HD300,,HD300-11,JR貨物,新鶴見機関区,1,1,
249,car,HD300,,HD300-12,JR貨物,新鶴見機関区,1,1,
250,car,HD300,,HD300-13,JR貨物,新鶴見機関区,1,1,
251,car,HD300,,HD300-14,JR貨物,新鶴見機関区,1,1,
252,car,HD300,,HD300-15,JR貨物,新鶴見機関区,1,1,
253,car,HD300,,HD300-17,JR貨物,新鶴見機関区,1,1,
254,car,HD300,,HD300-21,JR貨物,新鶴見機関区,1,1,
255,car,HD300,,HD300-30,JR貨物,新鶴見機関区,1,1,
256,car,HD300,,HD300-31,JR貨物,新鶴見機関区,1,1,
257,car,HD300,,HD300-32,JR貨物,新鶴見機関区,1,1,
258,car,HD300,,HD300-33,JR貨物,新鶴見機関区,1,1,
259,car,HD300,,HD300-34,JR貨物,新鶴見機関区,1,1,
260,car,HD300,,HD300-35,JR貨物,新鶴見機関区,1,1,
261,car,HD300,,HD300-37,JR貨物,新鶴見機関区,1,1,
262,formation,M250,,M250-1,JR貨物,大井機関区,16,1,
263,formation,M250,,M250-2,JR貨物,大井機関区,16,1,
264,formation,M250,,M250-3,JR貨物,大井機関区,16,1,
265,formation,M250,,M250-4,JR貨物,大井機関区,16,1,
266,formation,M250,,M250-5,JR貨物,大井機関区,16,1,
267,formation,M250,,M250-6,JR貨物,大井機関区,16,1,
268,car,EF64,,EF64-1020,JR貨物,愛知機関区,1,1,
269,car,EF64,,EF64-1021,JR貨物,愛知機関区,1,1,
270,car,EF64,,EF64-1022,JR貨物,愛知機関区,1,1,
271,car,EF64,,EF64-1023,JR貨物,愛知機関区,1,1,
272,car,EF64,,EF64-1024,JR貨物,愛知機関区,1,1,
273,car,EF64,,EF64-1025,JR貨物,愛知機関区,1,1,
274,car,EF64,,EF64-1026,JR貨物,愛知機関区,1,1,
275,car,EF64,,EF64-1027,JR貨物,愛知機関区,1,1,
276,car,EF64,,EF64-1028,JR貨物,愛知機関区,1,1,
277,car,EF64,,EF64-1033,JR貨物,愛知機関区,1,1,
278,car,EF64,,EF64-1034,JR貨物,愛知機関区,1,1,
279,car,EF64,,EF64-1035,JR貨物,愛知機関区,1,1,
280,car,EF64,,EF64-1036,JR貨物,愛知機関区,1,1,
281,car,EF64,,EF64-1037,JR貨物,愛知機関区,1,1,
282,car,EF64,,EF64-1038,JR貨物,愛知機関区,1,1,
283,car,EF64,,EF64-1039,JR貨物,愛知機関区,1,1,
284,car,EF64,,EF64-1042,JR貨物,愛知機関区,1,1,
285,car,EF64,,EF64-1043,JR貨物,愛知機関区,1,1,
286,car,EF64,,EF64-1044,JR貨物,愛知機関区,1,1,
287,car,EF64,,EF64-1045,JR貨物,愛知機関区,1,1,
288,car,EF64,,EF64-1046,JR貨物,愛知機関区,1,1,
289,car,EF64,,EF64-1047,JR貨物,愛知機関区,1,1,
290,car,EF64,,EF64-1049,JR貨物,愛知機関区,1,1,
291,car,DD200,,DD200-901,JR貨物,愛知機関区,1,1,
292,car,DD200,,DD200-1,JR貨物,愛知機関区,1,1,
293,car,DD200,,DD200-2,JR貨物,愛知機関区,1,1,
294,car,DD200,,DD200-3,JR貨物,愛知機関区,1,1,
295,car,DD200,,DD200-4,JR貨物,愛知機関区,1,1,
296,car,DD200,,DD200-5,JR貨物,愛知機関区,1,1,
297,car,DD200,,DD200-6,JR貨物,愛知機関区,1,1,
298,car,DD200,,DD200-7,JR貨物,愛知機関区,1,1,
299,car,DD200,,DD200-8,JR貨物,愛知機関区,1,1,
300,car,DD200,,DD200-9,JR貨物,愛知機関区,1,1,
301,car,DD200,,DD200-10,JR貨物,愛知機関区,1,1,
302,car,DD200,,DD200-11,JR貨物,愛知機関区,1,1,
303,car,DD200,,DD200-12,JR貨物,愛知機関区,1,1,
304,car,DD200,,DD200-13,JR貨物,愛知機関区,1,1,
305,car,DD200,,DD200-14,JR貨物,愛知機関区,1,1,
306,car,DD200,,DD200-15,JR貨物,愛知機関区,1,1,
307,car,DD200,,DD200-16,JR貨物,愛知機関区,1,1,
308,car,DD200,,DD200-17,JR貨物,愛知機関区,1,1,
309,car,DD200,,DD200-18,JR貨物,愛知機関区,1,1,
310,car,DD200,,DD200-19,JR貨物,愛知機関区,1,1,
311,car,DD200,,DD200-20,JR貨物,愛知機関区,1,1,
312,car,DD200,,DD200-21,JR貨物,愛知機関区,1,1,
313,car,DD200,,DD200-22,JR貨物,愛知機関区,1,1,
314,car,DD200,,DD200-23,JR貨物,愛知機関区,1,1,
315,car,DD200,,DD200-24,JR貨物,愛知機関区,1,1,
316,car,DD200,,DD200-25,JR貨物,愛知機関区,1,1,
317,car,DF200,,DF200-201,JR貨物,愛知機関区,1,1,
318,car,DF200,,DF200-205,JR貨物,愛知機関区,1,1,
319,car,DF200,,DF200-206,JR貨物,愛知機関区,1,1,
320,car,DF200,,DF200-207,JR貨物,愛知機関区,1,1,
321,car,DF200,,DF200-216,JR貨物,愛知機関区,1,1,
322,car,DF200,,DF200-220,JR貨物,愛知機関区,1,1,
323,car,DF200,,DF200-222,JR貨物,愛知機関区,1,1,
324,car,DF200,,DF200-223,JR貨物,愛知機関区,1,1,
325,car,EF510,,EF510-1,JR貨物,富山機関区,1,1,
326,car,EF510,,EF510-2,JR貨物,富山機関区,1,1,
327,car,EF510,,EF510-3,JR貨物,富山機関区,1,1,
328,car,EF510,,EF510-4,JR貨物,富山機関区,1,1,
329,car,EF510,,EF510-5,JR貨物,富山機関区,1,1,
330,car,EF510,,EF510-6,JR貨物,富山機関区,1,1,
331,car,EF510,,EF510-7,JR貨物,富山機関区,1,1,
332,car,EF510,,EF510-8,JR貨物,富山機関区,1,1,
333,car,EF510,,EF510-9,JR貨物,富山機関区,1,1,
334,car,EF510,,EF510-10,JR貨物,富山機関区,1,1,
335,car,EF510,,EF510-11,JR貨物,富山機関区,1,1,
336,car,EF510,,EF510-12,JR貨物,富山機関区,1,1,
337,car,EF510,,EF510-13,JR貨物,富山機関区,1,1,
338,car,EF510,,EF510-14,JR貨物,富山機関区,1,1,
339,car,EF510,,EF510-15,JR貨物,富山機関区,1,1,
340,car,EF510,,EF510-16,JR貨物,富山機関区,1,1,
341,car,EF510,,EF510-17,JR貨物,富山機関区,1,1,
342,car,EF510,,EF510-18,JR貨物,富山機関区,1,1,
343,car,EF510,,EF510-19,JR貨物,富山機関区,1,1,
344,car,EF510,,EF510-20,JR貨物,富山機関区,1,1,
345,car,EF510,,EF510-21,JR貨物,富山機関区,1,1,
346,car,EF510,,EF510-22,JR貨物,富山機関区,1,1,
347,car,EF510,,EF510-23,JR貨物,富山機関区,1,1,
348,car,EF510,,EF510-501,JR貨物,富山機関区,1,1,
349,car,EF510,,EF510-502,JR貨物,富山機関区,1,1,
350,car,EF510,,EF510-503,JR貨物,富山機関区,1,1,
351,car,EF510,,EF510-504,JR貨物,富山機関区,1,1,
352,car,EF510,,EF510-505,JR貨物,富山機関区,1,1,
353,car,EF510,,EF510-506,JR貨物,富山機関区,1,1,
354,car,EF510,,EF510-507,JR貨物,富山機関区,1,1,
355,car,EF510,,EF510-508,JR貨物,富山機関区,1,1,
356,car,EF510,,EF510-509,JR貨物,富山機関区,1,1,
357,car,EF510,,EF510-510,JR貨物,富山機関区,1,1,
358,car,EF510,,EF510-511,JR貨物,富山機関区,1,1,
359,car,EF510,,EF510-512,JR貨物,富山機関区,1,1,
360,car,EF510,,EF510-513,JR貨物,富山機関区,1,1,
361,car,EF510,,EF510-514,JR貨物,富山機関区,1,1,
362,car,EF510,,EF510-515,JR貨物,富山機関区,1,1,
363,car,EF66,,EF66-27,JR貨物,吹田機関区,1,1,
364,car,EF66,,EF66-119,JR貨物,吹田機関区,1,1,
365,car,EF66,,EF66-121,JR貨物,吹田機関区,1,1,
366,car,EF66,,EF66-122,JR貨物,吹田機関区,1,1,
367,car,EF66,,EF66-123,JR貨物,吹田機関区,1,1,
368,car,EF66,,EF66-124,JR貨物,吹田機関区,1,1,
369,car,EF66,,EF66-125,JR貨物,吹田機関区,1,1,
370,car,EF66,,EF66-126,JR貨物,吹田機関区,1,1,
371,car,EF66,,EF66-127,JR貨物,吹田機関区,1,1,
372,car,EF66,,EF66-128,JR貨物,吹田機関区,1,1,
373,car,EF66,,EF66-129,JR貨物,吹田機関区,1,1,
374,car,EF66,,EF66-130,JR貨物,吹田機関区,1,1,
375,car,EF66,,EF66-131,JR貨物,吹田機関区,1,1,
376,car,EF210,,EF210-139,JR貨物,吹田機関区,1,1,
377,car,EF210,,EF210-140,JR貨物,吹田機関区,1,1,
378,car,EF210,,EF210-141,JR貨物,吹田機関区,1,1,
379,car,EF210,,EF210-142,JR貨物,吹田機関区,1,1,
380,car,EF210,,EF210-143,JR貨物,吹田機関区,1,1,
381,car,EF210,,EF210-144,JR貨物,吹田機関区,1,1,
382,car,EF210,,EF210-145,JR貨物,吹田機関区,1,1,
383,car,EF210,,EF210-146,JR貨物,吹田機関区,1,1,
384,car,EF210,,EF210-149,JR貨物,吹田機関区,1,1,
385,car,EF210,,EF210-154,JR貨物,吹田機関区,1,1,
386,car,EF210,,EF210-156,JR貨物,吹田機関区,1,1,
387,car,EF210,,EF210-157,JR貨物,吹田機関区,1,1,
388,car,EF210,,EF210-158,JR貨物,吹田機関区,1,1,
389,car,EF210,,EF210-159,JR貨物,吹田機関区,1,1,
390,car,EF210,,EF210-160,JR貨物,吹田機関区,1,1,
391,car,EF210,,EF210-165,JR貨物,吹田機関区,1,1,
392,car,EF210,,EF210-166,JR貨物,吹田機関区,1,1,
393,car,EF210,,EF210-167,JR貨物,吹田機関区,1,1,
394,car,EF210,,EF210-168,JR貨物,吹田機関区,1,1,
395,car,EF210,,EF210-169,JR貨物,吹田機関区,1,1,
396,car,EF210,,EF210-301,JR貨物,吹田機関区,1,1,
397,car,EF210,,EF210-302,JR貨物,吹田機関区,1,1,
398,car,EF210,,EF210-303,JR貨物,吹田機関区,1,1,
399,car,EF210,,EF210-304,JR貨物,吹田機関区,1,1,
400,car,EF210,,EF210-305,JR貨物,吹田機関区,1,1,
401,car,EF210,,EF210-306,JR貨物,吹田機関区,1,1,
402,car,EF210,,EF210-307,JR貨物,吹田機関区,1,1,
403,car,EF210,,EF210-308,JR貨物,吹田機関区,1,1,
404,car,EF210,,EF210-309,JR貨物,吹田機関区,1,1,
405,car,EF210,,EF210-310,JR貨物,吹田機関区,1,1,
406,car,EF210,,EF210-311,JR貨物,吹田機関区,1,1,
407,car,EF210,,EF210-312,JR貨物,吹田機関区,1,1,
408,car,EF210,,EF210-313,JR貨物,吹田機関区,1,1,
409,car,EF210,,EF210-314,JR貨物,吹田機関区,1,1,
410,car,EF210,,EF210-315,JR貨物,吹田機関区,1,1,
411,car,EF210,,EF210-316,JR貨物,吹田機関区,1,1,
412,car,EF210,,EF210-317,JR貨物,吹田機関区,1,1,
413,car,EF210,,EF210-318,JR貨物,吹田機関区,1,1,
414,car,EF210,,EF210-319,JR貨物,吹田機関区,1,1,
415,car,EF210,,EF210-320,JR貨物,吹田機関区,1,1,
416,car,EF210,,EF210-321,JR貨物,吹田機関区,1,1,
417,car,EF210,,EF210-322,JR貨物,吹田機関区,1,1,
418,car,EF210,,EF210-323,JR貨物,吹田機関区,1,1,
419,car,EF210,,EF210-324,JR貨物,吹田機関区,1,1,
420,car,EF210,,EF210-325,JR貨物,吹田機関区,1,1,
421,car,EF210,,EF210-326,JR貨物,吹田機関区,1,1,
422,car,EF210,,EF210-327,JR貨物,吹田機関区,1,1,
423,car,EF210,,EF210-328,JR貨物,吹田機関区,1,1,
424,car,EF210,,EF210-329,JR貨物,吹田機関区,1,1,
425,car,EF210,,EF210-330,JR貨物,吹田機関区,1,1,
426,car,EF210,,EF210-331,JR貨物,吹田機関区,1,1,
427,car,EF210,,EF210-332,JR貨物,吹田機関区,1,1,
428,car,EF210,,EF210-333,JR貨物,吹田機関区,1,1,
429,car,EF210,,EF210-334,JR貨物,吹田機関区,1,1,
430,car,EF210,,EF210-335,JR貨物,吹田機関区,1,1,
431,car,EF210,,EF210-336,JR貨物,吹田機関区,1,1,
432,car,EF210,,EF210-337,JR貨物,吹田機関区,1,1,
433,car,EF210,,EF210-338,JR貨物,吹田機関区,1,1,
434,car,EF210,,EF210-339,JR貨物,吹田機関区,1,1,
435,car,EF210,,EF210-340,JR貨物,吹田機関区,1,1,
436,car,EF210,,EF210-341,JR貨物,吹田機関区,1,1,
437,car,EF210,,EF210-342,JR貨物,吹田機関区,1,1,
438,car,EF210,,EF210-343,JR貨物,吹田機関区,1,1,
439,car,EF210,,EF210-349,JR貨物,吹田機関区,1,1,
440,car,EF210,,EF210-350,JR貨物,吹田機関区,1,1,
441,car,EF210,,EF210-351,JR貨物,吹田機関区,1,1,
442,car,EF210,,EF210-352,JR貨物,吹田機関区,1,1,
443,car,EF210,,EF210-353,JR貨物,吹田機関区,1,1,
444,car,EF210,,EF210-354,JR貨物,吹田機関区,1,1,
445,car,EF210,,EF210-355,JR貨物,吹田機関区,1,1,
446,car,EF210,,EF210-356,JR貨物,吹田機関区,1,1,
447,car,EF210,,EF210-365,JR貨物,吹田機関区,1,1,
448,car,EF210,,EF210-366,JR貨物,吹田機関区,1,1,
449,car,EF210,,EF210-367,JR貨物,吹田機関区,1,1,
450,car,EF210,,EF210-368,JR貨物,吹田機関区,1,1,
451,car,EF210,,EF210-369,JR貨物,吹田機関区,1,1,
452,car,EF210,,EF210-370,JR貨物,吹田機関区,1,1,
453,car,EF210,,EF210-371,JR貨物,吹田機関区,1,1,
454,car,EF210,,EF210-372,JR貨物,吹田機関区,1,1,
455,car,EF210,,EF210-373,JR貨物,吹田機関区,1,1,
456,car,EF210,,EF210-374,JR貨物,吹田機関区,1,1,
457,car,EF210,,EF210-901,JR貨物,岡山機関区,1,1,
458,car,EF210,,EF210-1,JR貨物,岡山機関区,1,1,
459,car,EF210,,EF210-2,JR貨物,岡山機関区,1,1,
460,car,EF210,,EF210-3,JR貨物,岡山機関区,1,1,
461,car,EF210,,EF210-4,JR貨物,岡山機関区,1,1,
462,car,EF210,,EF210-5,JR貨物,岡山機関区,1,1,
463,car,EF210,,EF210-6,JR貨物,岡山機関区,1,1,
464,car,EF210,,EF210-7,JR貨物,岡山機関区,1,1,
465,car,EF210,,EF210-8,JR貨物,岡山機関区,1,1,
466,car,EF210,,EF210-9,JR貨物,岡山機関区,1,1,
467,car,EF210,,EF210-10,JR貨物,岡山機関区,1,1,
468,car,EF210,,EF210-11,JR貨物,岡山機関区,1,1,
469,car,EF210,,EF210-12,JR貨物,岡山機関区,1,1,
470,car,EF210,,EF210-13,JR貨物,岡山機関区,1,1,
471,car,EF210,,EF210-14,JR貨物,岡山機関区,1,1,
472,car,EF210,,EF210-15,JR貨物,岡山機関区,1,1,
473,car,EF210,,EF210-16,JR貨物,岡山機関区,1,1,
474,car,EF210,,EF210-17,JR貨物,岡山機関区,1,1,
475,car,EF210,,EF210-18,JR貨物,岡山機関区,1,1,
476,car,EF210,,EF210-101,JR貨物,岡山機関区,1,1,
477,car,EF210,,EF210-102,JR貨物,岡山機関区,1,1,
478,car,EF210,,EF210-126,JR貨物,岡山機関区,1,1,
479,car,EF210,,EF210-127,JR貨物,岡山機関区,1,1,
480,car,EF210,,EF210-128,JR貨物,岡山機関区,1,1,
481,car,EF210,,EF210-129,JR貨物,岡山機関区,1,1,
482,car,EF210,,EF210-130,JR貨物,岡山機関区,1,1,
483,car,EF210,,EF210-131,JR貨物,岡山機関区,1,1,
484,car,EF210,,EF210-137,JR貨物,岡山機関区,1,1,
485,car,EF210,,EF210-138,JR貨物,岡山機関区,1,1,
486,car,EF210,,EF210-147,JR貨物,岡山機関区,1,1,
487,car,EF210,,EF210-148,JR貨物,岡山機関区,1,1,
488,car,EF210,,EF210-153,JR貨物,岡山機関区,1,1,
489,car,HD300,,HD300-16,JR貨物,岡山機関区,1,1,
490,car,HD300,,HD300-18,JR貨物,岡山機関区,1,1,
491,car,HD300,,HD300-19,JR貨物,岡山機関区,1,1,
492,car,HD300,,HD300-20,JR貨物,岡山機関区,1,1,
493,car,HD300,,HD300-22,JR貨物,岡山機関区,1,1,
494,car,HD300,,HD300-23,JR貨物,岡山機関区,1,1,
495,car,HD300,,HD300-24,JR貨物,岡山機関区,1,1,
496,car,HD300,,HD300-25,JR貨物,岡山機関区,1,1,
497,car,HD300,,HD300-26,JR貨物,岡山機関区,1,1,
498,car,HD300,,HD300-27,JR貨物,岡山機関区,1,1,
499,car,HD300,,HD300-28,JR貨物,岡山機関区,1,1,
500,car,HD300,,HD300-36,JR貨物,岡山機関区,1,1,
501,car,EF510,,EF510-301,JR貨物,門司機関区,1,1,
502,car,EF510,,EF510-302,JR貨物,門司機関区,1,1,
503,car,EF510,,EF510-303,JR貨物,門司機関区,1,1,
504,car,EF510,,EF510-304,JR貨物,門司機関区,1,1,
505,car,EF510,,EF510-305,JR貨物,門司機関区,1,1,
506,car,EF510,,EF510-306,JR貨物,門司機関区,1,1,
507,car,EF510,,EF510-307,JR貨物,門司機関区,1,1,
508,car,EF510,,EF510-308,JR貨物,門司機関区,1,1,
509,car,EF510,,EF510-309,JR貨物,門司機関区,1,1,
510,car,EF510,,EF510-310,JR貨物,門司機関区,1,1,
511,car,EF510,,EF510-311,JR貨物,門司機関区,1,1,
512,car,EF510,,EF510-312,JR貨物,門司機関区,1,1,
513,car,EF510,,EF510-313,JR貨物,門司機関区,1,1,
514,car,EF510,,EF510-314,JR貨物,門司機関区,1,1,
515,car,EF510,,EF510-315,JR貨物,門司機関区,1,1,
516,car,EF510,,EF510-316,JR貨物,門司機関区,1,1,
517,car,EF510,,EF510-317,JR貨物,門司機関区,1,1,
518,car,EH500,,EH500-45,JR貨物,門司機関区,1,1,
519,car,EH500,,EH500-46,JR貨物,門司機関区,1,1,
520,car,EH500,,EH500-47,JR貨物,門司機関区,1,1,
521,car,EH500,,EH500-48,JR貨物,門司機関区,1,1,
522,car,EH500,,EH500-49,JR貨物,門司機関区,1,1,
523,car,EH500,,EH500-50,JR貨物,門司機関区,1,1,
524,car,EH500,,EH500-65,JR貨物,門司機関区,1,1,
525,car,EH500,,EH500-66,JR貨物,門司機関区,1,1,
526,car,EH500,,EH500-67,JR貨物,門司機関区,1,1,
527,car,EH500,,EH500-68,JR貨物,門司機関区,1,1,
528,car,EH500,,EH500-69,JR貨物,門司機関区,1,1,
529,car,EH500,,EH500-70,JR貨物,門司機関区,1,1,
530,car,EH500,,EH500-71,JR貨物,門司機関区,1,1,
531,car,EH500,,EH500-72,JR貨物,門司機関区,1,1,
532,car,EH500,,EH500-73,JR貨物,門司機関区,1,1,
533,car,DB500,,DB500-1,JR貨物,門司機関区,1,1,
534,car,DB500,,DB500-51,JR貨物,門司機関区,1,1,
535,car,DB500,,DB500-52,JR貨物,門司機関区,1,1,
536,car,DB500,,DB500-53,JR貨物,門司機関区,1,1,
537,formation,209-2100,C602,,JR東日本,幕張車両センター,6,1,
538,formation,209-2100,C603,,JR東日本,幕張車両センター,6,1,
539,formation,209-2100,C604,,JR東日本,幕張車両センター,6,1,
540,formation,209-2100,C606,,JR東日本,幕張車両センター,6,1,
541,formation,209-2100,C607,,JR東日本,幕張車両センター,6,1,
542,formation,209-2100,C608,,JR東日本,幕張車両センター,6,1,
543,formation,209-2100,C610,,JR東日本,幕張車両センター,6,1,
544,formation,209-2100,C615,,JR東日本,幕張車両センター,6,1,
545,formation,209-2100,C617,,JR東日本,幕張車両センター,6,1,
546,formation,209-2100,C621,,JR東日本,幕張車両センター,6,1,
547,formation,209-2100,C622,,JR東日本,幕張車両センター,6,1,
548,formation,209-2100,C623,,JR東日本,幕張車両センター,6,1,
549,formation,209-2100,C624,,JR東日本,幕張車両センター,6,1,
550,formation,209-2100,C625,,JR東日本,幕張車両センター,6,1,
551,formation,209-2100,C401,,JR東日本,幕張車両センター,4,1,
552,formation,209-2100,C402,,JR東日本,幕張車両センター,4,1,
553,formation,209-2100,C403,,JR東日本,幕張車両センター,4,1,
554,formation,209-2100,C404,,JR東日本,幕張車両センター,4,1,
555,formation,209-2100,C405,,JR東日本,幕張車両センター,4,1,
556,formation,209-2100,C406,,JR東日本,幕張車両センター,4,1,
557,formation,209-2100,C407,,JR東日本,幕張車両センター,4,1,
558,formation,209-2100,C408,,JR東日本,幕張車両センター,4,1,
559,formation,209-2100,C409,,JR東日本,幕張車両センター,4,1,
560,formation,209-2100,C410,,JR東日本,幕張車両センター,4,1,
561,formation,209-2100,C411,,JR東日本,幕張車両センター,4,1,
562,formation,209-2100,C412,,JR東日本,幕張車両センター,4,1,
563,formation,209-2100,C413,,JR東日本,幕張車両センター,4,1,
564,formation,209-2100,C414,,JR東日本,幕張車両センター,4,1,
565,formation,209-2100,C415,,JR東日本,幕張車両センター,4,1,
566,formation,209-2100,C416,,JR東日本,幕張車両センター,4,1,
567,formation,209-2100,C417,,JR東日本,幕張車両センター,4,1,
568,formation,209-2100,C418,,JR東日本,幕張車両センター,4,1,
569,formation,209-2100,C419,,JR東日本,幕張車両センター,4,1,
570,formation,209-2100,C420,,JR東日本,幕張車両センター,4,1,
571,formation,209-2100,C421,,JR東日本,幕張車両センター,4,1,
572,formation,209-2100,C422,,JR東日本,幕張車両センター,4,1,
573,formation,209-2100,C423,,JR東日本,幕張車両センター,4,1,
574,formation,209-2100,C424,,JR東日本,幕張車両センター,4,1,
575,formation,209-2100,C425,,JR東日本,幕張車両センター,4,1,
576,formation,209-2100,C426,,JR東日本,幕張車両センター,4,1,
577,formation,209-2100,C427,,JR東日本,幕張車両センター,4,1,
578,formation,209-2100,C428,,JR東日本,幕張車両センター,4,1,
579,formation,209-2100,C429,,JR東日本,幕張車両センター,4,1,
580,formation,209-2100,C430,,JR東日本,幕張車両センター,4,1,
581,formation,209-2100,C431,,JR東日本,幕張車両センター,4,1,
582,formation,209-2100,C432,,JR東日本,幕張車両センター,4,1,
583,formation,209-2100,C433,,JR東日本,幕張車両センター,4,1,
584,formation,209-2100,C434,,JR東日本,幕張車両センター,4,1,
585,formation,209-2100,C435,,JR東日本,幕張車両センター,4,1,
586,formation,209-2100,C436,,JR東日本,幕張車両センター,4,1,
587,formation,209-2100,C437,,JR東日本,幕張車両センター,4,1,
588,formation,209-2100,C438,,JR東日本,幕張車両センター,4,1,
589,formation,209-2100,C439,,JR東日本,幕張車両センター,4,1,
590,formation,209-2100,C440,,JR東日本,幕張車両センター,4,1,
591,formation,209-2100,C441,,JR東日本,幕張車両センター,4,1,
592,formation,209-2100,C442,,JR東日本,幕張車両センター,4,1,
593,formation,209-2100,C443,,JR東日本,幕張車両センター,4,1,
594,formation,209-2100,C444,,JR東日本,幕張車両センター,4,1,
595,formation,209-2100,C445,,JR東日本,幕張車両センター,4,1,
596,formation,209-2100,C446,,JR東日本,幕張車両センター,4,1,
597,formation,209-2100,C447,,JR東日本,幕張車両センター,4,1,
598,formation,209-2100,C448,,JR東日本,幕張車両センター,4,1,
599,formation,209-2200,J1,,JR東日本,幕張車両センター,6,1,BOSO BICYCLE BASE
600,formation,209-500,M71,,JR東日本,京葉車両センター,8,1,
601,formation,209-500,M72,,JR東日本,京葉車両センター,8,1,
602,formation,209-500,M73,,JR東日本,京葉車両センター,8,1,
603,formation,209-500,M74,,JR東日本,京葉車両センター,8,1,
604,formation,209-500,M75,,JR東日本,京葉車両センター,8,1,
605,formation,209-500,M76,,JR東日本,京葉車両センター,8,1,
606,formation,209-500,M77,,JR東日本,京葉車両センター,8,1,
607,formation,209-500,M81,,JR東日本,京葉車両センター,8,1,
608,formation,209-500,M82,,JR東日本,京葉車両センター,8,1,
609,formation,209-500,M83,,JR東日本,京葉車両センター,8,1,
610,formation,209-500,M84,,JR東日本,京葉車両センター,8,1,
611,formation,209-500,34,,JR東日本,京葉車両センター,10,1,
612,formation,209-3500,51,,JR東日本,川越車両センター,4,1,
613,formation,209-3500,52,,JR東日本,川越車両センター,4,1,
614,formation,209-3500,53,,JR東日本,川越車両センター,4,1,
615,formation,209-3500,54,,JR東日本,川越車両センター,4,1,
616,formation,209-3500,55,,JR東日本,川越車両センター,4,1,
617,formation,209-0,MUE,,JR東日本,川越車両センター,6,1,MUE-Train
618,formation,211-3000,C2,,JR東日本,群馬車両センター,6,1,
619,formation,211-3000,C4,,JR東日本,群馬車両センター,6,1,
620,formation,211-3000,C6,,JR東日本,群馬車両センター,6,1,
621,formation,211-3000,C8,,JR東日本,群馬車両センター,6,1,
622,formation,211-3000,C13,,JR東日本,群馬車両センター,6,1,
623,formation,211-3000,C15,,JR東日本,群馬車両センター,6,1,
624,formation,211-3000,C17,,JR東日本,群馬車両センター,6,1,
625,formation,211-3000,A9,,JR東日本,群馬車両センター,4,1,
626,formation,211-3000,A25,,JR東日本,群馬車両センター,4,1,
627,formation,211-3000,A26,,JR東日本,群馬車両センター,4,1,
628,formation,211-3000,A27,,JR東日本,群馬車両センター,4,1,
629,formation,211-3000,A28,,JR東日本,群馬車両センター,4,1,
630,formation,211-3000,A30,,JR東日本,群馬車両センター,4,1,
631,formation,211-3000,A51,,JR東日本,群馬車両センター,4,1,
632,formation,211-3000,A52,,JR東日本,群馬車両センター,4,1,
633,formation,211-3000,A56,,JR東日本,群馬車両センター,4,1,
634,formation,211-3000,A57,,JR東日本,群馬車両センター,4,1,
635,formation,211-3000,A58,,JR東日本,群馬車両センター,4,1,
636,formation,211-3000,A59,,JR東日本,群馬車両センター,4,1,
637,formation,211-3000,A60,,JR東日本,群馬車両センター,4,1,
638,formation,211-3000,A61,,JR東日本,群馬車両センター,4,1,
639,formation,211-3000,A31,,JR東日本,群馬車両センター,4,1,
640,formation,211-3000,A32,,JR東日本,群馬車両センター,4,1,
641,formation,211-3000,A33,,JR東日本,群馬車両センター,4,1,
642,formation,211-3000,A34,,JR東日本,群馬車両センター,4,1,
643,formation,211-3000,A36,,JR東日本,群馬車両センター,4,1,
644,formation,211-3000,A37,,JR東日本,群馬車両センター,4,1,
645,car,DE10,,DE10-1116,JR西日本,金沢車両区富山支所,1,1,
646,car,DE15,,DE15-1504,JR西日本,金沢車両区富山支所,1,1,
647,car,DE15,,DE15-1532,JR西日本,金沢車両区富山支所,1,1,
648,car,DE15,,DE15-1541,JR西日本,金沢車両区富山支所,1,1,
649,car,C56,,C56-160,JR西日本,梅小路運転区,1,1,
650,car,C57,,C57-160,JR西日本,梅小路運転区,1,1,
651,car,C61,,C61-2,JR西日本,梅小路運転区,1,1,
652,car,C62,,C62-2,JR西日本,梅小路運転区,1,1,
653,car,D51,,D51-200,JR西日本,梅小路運転区,1,1,
654,car,DE10,,DE10-1118,JR西日本,梅小路運転区,1,1,
655,car,DE10,,DE10-1156,JR西日本,梅小路運転区,1,1,
656,car,DD51,,DD51-1109,JR西日本,網干総合車両所宮原支所,1,1,
657,car,DD51,,DD51-1183,JR西日本,網干総合車両所宮原支所,1,1,
658,car,DD51,,DD51-1191,JR西日本,網干総合車両所宮原支所,1,1,
659,car,DD51,,DD51-1192,JR西日本,網干総合車両所宮原支所,1,1,
660,car,DD51,,DD51-1193,JR西日本,網干総合車両所宮原支所,1,1,
661,car,DE10,,DE10-1028,JR西日本,網干総合車両所宮原支所,1,1,
662,car,DE10,,DE10-1115,JR西日本,網干総合車両所宮原支所,1,1,
663,car,DE10,,DE10-1152,JR西日本,網干総合車両所宮原支所,1,1,
664,car,DE10,,DE10-1106,JR西日本,吹田総合車両所福知山支所豊岡派出所,1,1,
665,car,DE10,,DE10-1147,JR西日本,下関総合車両所岡山電車支所,1,1,
666,car,DE10,,DE10-1151,JR西日本,下関総合車両所岡山電車支所,1,1,
667,car,DD51,,DD51-1179,JR西日本,後藤総合車両所米子支所,1,1,
668,car,DD51,,DD51-1186,JR西日本,後藤総合車両所米子支所,1,1,
669,car,DE10,,DE10-1058,JR西日本,後藤総合車両所米子支所,1,1,
670,car,DE10,,DE10-1159,JR西日本,後藤総合車両所米子支所,1,1,
671,car,DE10,,DE10-1161,JR西日本,後藤総合車両所米子支所,1,1,
672,car,EF65,,EF65-1120,JR西日本,下関総合車両所運用検修センター,1,1,
673,car,EF65,,EF65-1124,JR西日本,下関総合車両所運用検修センター,1,1,
674,car,EF65,,EF65-1126,JR西日本,下関総合車両所運用検修センター,1,1,
675,car,EF65,,EF65-1128,JR西日本,下関総合車両所運用検修センター,1,1,
676,car,EF65,,EF65-1130,JR西日本,下関総合車両所運用検修センター,1,1,
677,car,EF65,,EF65-1131,JR西日本,下関総合車両所運用検修センター,1,1,
678,car,EF65,,EF65-1132,JR西日本,下関総合車両所運用検修センター,1,1,
679,car,EF65,,EF65-1133,JR西日本,下関総合車両所運用検修センター,1,1,
680,car,EF65,,EF65-1134,JR西日本,下関総合車両所運用検修センター,1,1,
681,car,EF65,,EF65-1135,JR西日本,下関総合車両所運用検修センター,1,1,
682,car,DD51,,DD51-1043,JR西日本,下関総合車両所運用検修センター,1,1,
683,car,DE10,,DE10-1076,JR西日本,下関総合車両所運用検修センター,1,1,
684,car,DE10,,DE10-1514,JR西日本,下関総合車両所運用検修センター,1,1,
685,car,DE10,,DE10-1531,JR西日本,下関総合車両所運用検修センター,1,1,
686,car,C11,,C11-171,JR北海道,釧路運輸車両所,1,1,
687,car,DE10,,DE10-1660,JR北海道,釧路運輸車両所,1,1,
688,car,DE10,,DE10-1661,JR北海道,釧路運輸車両所,1,1,
689,car,DE10,,DE10-1690,JR北海道,釧路運輸車両所,1,1,
690,car,C11,,C11-207,JR北海道,旭川運転所,1,1,
691,car,DE10,,DE10-1691,JR北海道,旭川運転所,1,1,
692,car,DE10,,DE10-1692,JR北海道,旭川運転所,1,1,
693,car,DE10,,DE10-1715,JR北海道,旭川運転所,1,1,
694,car,DE10,,DE10-1742,JR北海道,旭川運転所,1,1,
695,car,DE15,,DE15-1509,JR北海道,旭川運転所,1,1,
696,car,DE15,,DE15-1533,JR北海道,旭川運転所,1,1,
697,car,DE15,,DE15-1534,JR北海道,旭川運転所,1,1,
698,car,DE15,,DE15-1535,JR北海道,旭川運転所,1,1,
699,car,DE15,,DE15-1542,JR北海道,旭川運転所,1,1,
700,car,DE15,,DE15-1543,JR北海道,旭川運転所,1,1,
701,car,DE15,,DE15-1545,JR北海道,旭川運転所,1,1,
702,car,DE15,,DE15-1546,JR北海道,旭川運転所,1,1,
703,car,DE15,,DE15-2511,JR北海道,旭川運転所,1,1,
704,car,DE15,,DE15-2514,JR北海道,旭川運転所,1,1,
705,car,DE15,,DE15-2515,JR北海道,旭川運転所,1,1,
706,car,DE15,,DE15-2521,JR北海道,旭川運転所,1,1,
707,car,DE10,,DE10-1737,JR北海道,函館運輸所,1,1,
708,car,DE10,,DE10-1738,JR北海道,函館運輸所,1,1,
709,car,DE10,,DE10-1739,JR北海道,函館運輸所,1,1,
710,car,DF200,,DF200-7000,JR九州,大分車両センター,1,1,
711,car,DD200,,DD200-701,JR九州,熊本車両センター,1,1,
712,car,DD200,,DD200-702,JR九州,熊本車両センター,1,1,
713,car,DE10,,DE10-1195,JR九州,熊本車両センター,1,1,
714,car,DE10,,DE10-1206,JR九州,熊本車両センター,1,1,
715,car,DE10,,DE10-1207,JR九州,熊本車両センター,1,1,
716,car,DE10,,DE10-1209,JR九州,熊本車両センター,1,1,
717,car,DE10,,DE10-1638,JR九州,熊本車両センター,1,1,
718,car,DE10,,DE10-1753,JR九州,熊本車両センター,1,1,
719,car,DE10,,DE10-1756,JR九州,熊本車両センター,1,1,
720,formation,E233-5000,501,,JR東日本,群馬車両センター,4,1,
721,formation,E233-5000,502,,JR東日本,群馬車両センター,4,1,
722,formation,E233-5000,503,,JR東日本,群馬車両センター,4,1,
723,formation,E233-5000,504,,JR東日本,群馬車両センター,4,1,
724,formation,E233-5000,505,,JR東日本,群馬車両センター,4,1,
725,formation,E233-5000,506,,JR東日本,京葉車両センター,10,1,
726,formation,E233-5000,507,,JR東日本,京葉車両センター,10,1,
727,formation,E233-5000,508,,JR東日本,京葉車両センター,10,1,
728,formation,E233-5000,509,,JR東日本,京葉車両センター,10,1,
729,formation,E233-5000,510,,JR東日本,京葉車両センター,10,1,
730,formation,E233-5000,511,,JR東日本,京葉車両センター,10,1,
731,formation,E233-5000,512,,JR東日本,京葉車両センター,10,1,
732,formation,E233-5000,513,,JR東日本,京葉車両センター,10,1,
733,formation,E233-5000,514,,JR東日本,京葉車両センター,10,1,
734,formation,E233-5000,515,,JR東日本,京葉車両センター,10,1,
735,formation,E233-5000,516,,JR東日本,京葉車両センター,10,1,
736,formation,E233-5000,517,,JR東日本,京葉車両センター,10,1,
737,formation,E233-5000,518,,JR東日本,京葉車両センター,10,1,
738,formation,E233-5000,519,,JR東日本,京葉車両センター,10,1,
739,formation,E233-5000,520,,JR東日本,京葉車両センター,10,1,
740,formation,E233-5000,F51,,JR東日本,京葉車両センター,4,1,
741,formation,E233-5000,F52,,JR東日本,京葉車両センター,4,1,
742,formation,E233-5000,F53,,JR東日本,京葉車両センター,4,1,
743,formation,E233-5000,F54,,JR東日本,京葉車両センター,4,1,
744,formation,E233-5000,551,,JR東日本,京葉車両センター,6,1,
745,formation,E233-5000,552,,JR東日本,京葉車両センター,6,1,
746,formation,E233-5000,553,,JR東日本,京葉車両センター,6,1,
747,formation,E233-5000,554,,JR東日本,京葉車両センター,6,1,
748,formation,E233-1000,103,,JR東日本,京葉車両センター,10,1,
749,formation,E231-900,MU1,,JR東日本,京葉車両センター,8,1,
750,formation,E231-0,MU2,,JR東日本,京葉車両センター,8,1,
751,formation,E231-0,MU3,,JR東日本,京葉車両センター,8,1,
752,formation,E231-0,MU4,,JR東日本,京葉車両センター,8,1,
753,formation,E231-0,MU5,,JR東日本,京葉車両センター,8,1,
754,formation,E231-0,MU6,,JR東日本,京葉車両センター,8,1,
755,formation,E231-0,MU7,,JR東日本,京葉車両センター,8,1,
756,formation,E231-0,MU8,,JR東日本,京葉車両センター,8,1,
757,formation,E231-0,MU9,,JR東日本,京葉車両センター,8,1,
758,formation,E231-0,MU10,,JR東日本,京葉車両センター,8,1,
759,formation,E231-0,MU11,,JR東日本,京葉車両センター,8,1,
760,formation,E231-0,MU12,,JR東日本,京葉車両センター,8,1,
761,formation,E231-0,MU13,,JR東日本,京葉車両センター,8,1,
762,formation,E231-0,MU14,,JR東日本,京葉車両センター,8,1,
763,formation,E231-0,MU15,,JR東日本,京葉車両センター,8,1,
764,formation,E231-0,MU16,,JR東日本,京葉車両センター,8,1,
765,formation,E231-0,MU17,,JR東日本,京葉車両センター,8,1,
766,formation,E231-0,MU18,,JR東日本,京葉車両センター,8,1,
767,formation,E231-0,MU19,,JR東日本,京葉車両センター,8,1,
768,formation,E231-0,MU20,,JR東日本,京葉車両センター,8,1,
769,formation,E231-0,MU21,,JR東日本,京葉車両センター,8,1,
770,formation,E231-0,MU22,,JR東日本,京葉車両センター,8,1,
771,formation,E231-0,MU31,,JR東日本,京葉車両センター,8,1,
772,formation,E231-0,MU32,,JR東日本,京葉車両センター,8,1,
773,formation,E231-0,MU33,,JR東日本,京葉車両センター,8,1,
774,formation,E231-0,MU34,,JR東日本,京葉車両センター,8,1,
775,formation,E231-0,MU35,,JR東日本,京葉車両センター,8,1,
776,formation,E231-0,MU36,,JR東日本,京葉車両センター,8,1,
777,formation,E231-0,MU37,,JR東日本,京葉車両センター,8,1,
778,formation,E231-0,MU38,,JR東日本,京葉車両センター,8,1,
779,formation,E231-0,MU39,,JR東日本,京葉車両センター,8,1,
780,formation,E231-0,MU40,,JR東日本,京葉車両センター,8,1,
781,formation,E231-0,MU41,,JR東日本,京葉車両センター,8,1,
782,formation,E231-0,MU42,,JR東日本,京葉車両センター,8,1,
783,formation,E231-0,MU43,,JR東日本,京葉車両センター,8,1,
784,formation,E131-0,R01,,JR東日本,幕張車両センター,2,1,
785,formation,E131-0,R02,,JR東日本,幕張車両センター,2,1,
786,formation,E131-0,R03,,JR東日本,幕張車両センター,2,1,
787,formation,E131-0,R04,,JR東日本,幕張車両センター,2,1,
788,formation,E131-0,R05,,JR東日本,幕張車両センター,2,1,
789,formation,E131-0,R06,,JR東日本,幕張車両センター,2,1,
790,formation,E131-0,R07,,JR東日本,幕張車両センター,2,1,
791,formation,E131-0,R08,,JR東日本,幕張車両センター,2,1,
792,formation,E131-0,R09,,JR東日本,幕張車両センター,2,1,
793,formation,E131-0,R10,,JR東日本,幕張車両センター,2,1,
794,formation,E131-80,R11,,JR東日本,幕張車両センター,2,1,
795,formation,E131-80,R12,,JR東日本,幕張車両センター,2,1,
796,formation,E233-0,C1,,JR東日本,幕張車両センター,6,1,
797,formation,E233-0,C2,,JR東日本,幕張車両センター,6,1,
798,formation,E233-0,C3,,JR東日本,幕張車両センター,6,1,
799,formation,E257-500,NB-01,,JR東日本,幕張車両センター,5,1,
800,formation,E257-500,NB-02,,JR東日本,幕張車両センター,5,1,
801,formation,E257-500,NB-03,,JR東日本,幕張車両センター,5,1,
802,formation,E257-500,NB-04,,JR東日本,幕張車両センター,5,1,
803,formation,E257-500,NB-05,,JR東日本,幕張車両センター,5,1,
804,formation,E257-500,NB-15,,JR東日本,幕張車両センター,5,1,
805,formation,E257-500,NB-16,,JR東日本,幕張車両センター,5,1,
806,formation,E257-500,NB-17,,JR東日本,幕張車両センター,5,1,
807,formation,E257-500,NB-18,,JR東日本,幕張車両センター,5,1,
808,formation,E257-500,NB-19,,JR東日本,幕張車両センター,5,1,
809,formation,E255-0,Be-03,,JR東日本,幕張車両センター,9,1,
810,formation,E259-0,Ne01,,JR東日本,鎌倉車両センター,6,1,
811,formation,E259-0,Ne02,,JR東日本,鎌倉車両センター,6,1,
812,formation,E259-0,Ne03,,JR東日本,鎌倉車両センター,6,1,
813,formation,E259-0,Ne04,,JR東日本,鎌倉車両センター,6,1,
814,formation,E259-0,Ne05,,JR東日本,鎌倉車両センター,6,1,
815,formation,E259-0,Ne06,,JR東日本,鎌倉車両センター,6,1,
816,formation,E259-0,Ne07,,JR東日本,鎌倉車両センター,6,1,
817,formation,E259-0,Ne08,,JR東日本,鎌倉車両センター,6,1,
818,formation,E259-0,Ne09,,JR東日本,鎌倉車両センター,6,1,
819,formation,E259-0,Ne10,,JR東日本,鎌倉車両センター,6,1,
820,formation,E259-0,Ne11,,JR東日本,鎌倉車両センター,6,1,
821,formation,E259-0,Ne12,,JR東日本,鎌倉車両センター,6,1,
822,formation,E259-0,Ne13,,JR東日本,鎌倉車両センター,6,1,
823,formation,E259-0,Ne14,,JR東日本,鎌倉車両センター,6,1,
824,formation,E259-0,Ne15,,JR東日本,鎌倉車両センター,6,1,
825,formation,E259-0,Ne16,,JR東日本,鎌倉車両センター,6,1,
826,formation,E259-0,Ne17,,JR東日本,鎌倉車両センター,6,1,
827,formation,E259-0,Ne18,,JR東日本,鎌倉車両センター,6,1,
828,formation,E259-0,Ne19,,JR東日本,鎌倉車両センター,6,1,
829,formation,E259-0,Ne20,,JR東日本,鎌倉車両センター,6,1,
830,formation,E259-0,Ne21,,JR東日本,鎌倉車両センター,6,1,
831,formation,E259-0,Ne22,,JR東日本,鎌倉車両センター,6,1,
832,formation,E653-1000,K70,,JR東日本,勝田車両センター,7,1,
833,formation,E653-1000,K71,,JR東日本,勝田車両センター,7,1,
834,formation,E491-0,East I-E,,JR東日本,勝田車両センター,3,1,East I-E
835,formation,E493-0,01,,JR東日本,尾久車両センター,2,1,
836,formation,E493-0,02,,JR東日本,尾久車両センター,2,1,
837,formation,E655-0,なごみ,,JR東日本,尾久車両センター,5,1,なごみ
838,car,E655-0,御料車,,JR東日本,尾久車両センター,1,1,なごみ
839,formation,キヤE195-0,LT1,,JR東日本,尾久車両センター,11,1,150mロングレール用
840,formation,キヤE195-0,LT2,,JR東日本,尾久車両センター,11,1,150mロングレール用
841,formation,キヤE195-0,LT3,,JR東日本,尾久車両センター,11,1,150mロングレール用
842,formation,キヤE195-1000,ST1,,JR東日本,尾久車両センター,2,1,定尺レール用
843,formation,キヤE195-1000,ST8,,JR東日本,尾久車両センター,2,1,定尺レール用
844,formation,キヤE195-1000,ST9,,JR東日本,尾久車両センター,2,1,定尺レール用
845,formation,キヤE195-1000,ST10,,JR東日本,尾久車両センター,2,1,定尺レール用
846,formation,キヤE195-1000,ST11,,JR東日本,尾久車両センター,2,1,定尺レール用
847,formation,キヤE195-1000,ST12,,JR東日本,尾久車両センター,2,1,定尺レール用
848,formation,キヤE195-1000,ST13,,JR東日本,尾久車両センター,2,1,定尺レール用
849,formation,キヤE195-1000,ST14,,JR東日本,尾久車両センター,2,1,定尺レール用
850,formation,キヤE195-1000,ST15,,JR東日本,尾久車両センター,2,1,定尺レール用
851,formation,キヤE195-1000,ST16,,JR東日本,尾久車両センター,2,1,定尺レール用
852,formation,キヤE195-1000,ST17,,JR東日本,尾久車両センター,2,1,定尺レール用
853,formation,キヤE195-1000,ST18,,JR東日本,尾久車両センター,2,1,定尺レール用
854,formation,キヤE195-1000,ST19,,JR東日本,尾久車両センター,2,1,定尺レール用
855,formation,キヤE195-1000,ST20,,JR東日本,尾久車両センター,2,1,定尺レール用
856,formation,キヤE195-1000,ST21,,JR東日本,尾久車両センター,2,1,定尺レール用
857,formation,キヤE195-1000,ST22,,JR東日本,尾久車両センター,2,1,定尺レール用
858,formation,キヤE195-1000,ST23,,JR東日本,尾久車両センター,2,1,定尺レール用
859,formation,E001,四季島,,JR東日本,尾久車両センター,10,1,TRAIN SUITE 四季島
860,formation,103-3500,BH01,,JR西日本,網干総合車両所,2,1,
861,formation,103-3500,BH02,,JR西日本,網干総合車両所,2,1,
862,formation,103-3500,BH03,,JR西日本,網干総合車両所,2,1,
863,formation,103-3500,BH04,,JR西日本,網干総合車両所,2,1,
864,formation,103-3500,BH05,,JR西日本,網干総合車両所,2,1,
865,formation,103-3500,BH06,,JR西日本,網干総合車両所,2,1,
866,formation,103-3500,BH07,,JR西日本,網干総合車両所,2,1,
867,formation,103-3500,BH08,,JR西日本,網干総合車両所,2,1,
868,formation,103-3500,BH09,,JR西日本,網干総合車両所,2,1,
869,formation,103-3550,ND601,,JR西日本,網干総合車両所 明石支所 加古川派出所,2,1,
870,formation,103-3550,ND602,,JR西日本,網干総合車両所 明石支所 加古川派出所,2,1,
871,formation,103-3550,ND603,,JR西日本,網干総合車両所 明石支所 加古川派出所,2,1,
872,formation,103-3550,ND604,,JR西日本,網干総合車両所 明石支所 加古川派出所,2,1,
873,formation,103-3550,ND605,,JR西日本,網干総合車両所 明石支所 加古川派出所,2,1,
874,formation,103-3550,ND606,,JR西日本,網干総合車両所 明石支所 加古川派出所,2,1,
875,formation,103-3550,ND607,,JR西日本,網干総合車両所 明石支所 加古川派出所,2,1,
876,formation,103-3550,ND608,,JR西日本,網干総合車両所 明石支所 加古川派出所,2,1,
877,formation,125-0,N1,,JR西日本,網干総合車両所 明石支所 加古川派出所,2,1,
878,formation,125-0,N2,,JR西日本,網干総合車両所 明石支所 加古川派出所,2,1,
879,formation,125-0,N3,,JR西日本,網干総合車両所 明石支所 加古川派出所,2,1,
880,formation,125-0,N4,,JR西日本,網干総合車両所 明石支所 加古川派出所,2,1,
881,formation,207-0,Z1,,JR西日本,網干総合車両所 明石支所 ,4,1,
882,formation,207-0,Z2,,JR西日本,網干総合車両所 明石支所 ,4,1,
883,formation,207-0,Z3,,JR西日本,網干総合車両所 明石支所 ,4,1,
884,formation,207-0,Z4,,JR西日本,網干総合車両所 明石支所 ,4,1,
885,formation,207-0,Z5,,JR西日本,網干総合車両所 明石支所 ,4,1,
886,formation,207-0,Z6,,JR西日本,網干総合車両所 明石支所 ,4,1,
887,formation,207-0,Z7,,JR西日本,網干総合車両所 明石支所 ,4,1,
888,formation,207-0,Z8,,JR西日本,網干総合車両所 明石支所 ,4,1,
889,formation,207-0,Z9,,JR西日本,網干総合車両所 明石支所 ,4,1,
890,formation,207-0,Z10,,JR西日本,網干総合車両所 明石支所 ,4,1,
891,formation,207-0,Z11,,JR西日本,網干総合車両所 明石支所 ,4,1,
892,formation,207-0,Z12,,JR西日本,網干総合車両所 明石支所 ,4,1,
893,formation,207-0,Z13,,JR西日本,網干総合車両所 明石支所 ,4,1,
894,formation,207-0,Z14,,JR西日本,網干総合車両所 明石支所 ,4,1,
895,formation,207-0,Z15,,JR西日本,網干総合車両所 明石支所 ,4,1,
896,formation,207-0,Z17,,JR西日本,網干総合車両所 明石支所 ,4,1,
897,formation,207-0,Z18,,JR西日本,網干総合車両所 明石支所 ,4,1,
898,formation,207-0,Z19,,JR西日本,網干総合車両所 明石支所 ,4,1,
899,formation,207-0,Z20,,JR西日本,網干総合車両所 明石支所 ,4,1,
900,formation,207-0,Z21,,JR西日本,網干総合車両所 明石支所 ,4,1,
901,formation,207-0,Z22,,JR西日本,網干総合車両所 明石支所 ,4,1,
902,formation,207-0,Z23,,JR西日本,網干総合車両所 明石支所 ,4,1,
903,formation,207-0,H1,,JR西日本,網干総合車両所 明石支所 ,4,1,
904,formation,207-0,H2,,JR西日本,網干総合車両所 明石支所 ,4,1,
905,formation,207-0,H3,,JR西日本,網干総合車両所 明石支所 ,4,1,
906,formation,207-0,H4,,JR西日本,網干総合車両所 明石支所 ,4,1,
907,formation,207-0,H5,,JR西日本,網干総合車両所 明石支所 ,4,1,
908,formation,207-0,H6,,JR西日本,網干総合車両所 明石支所 ,4,1,
909,formation,207-0,H7,,JR西日本,網干総合車両所 明石支所 ,4,1,
910,formation,207-0,H8,,JR西日本,網干総合車両所 明石支所 ,4,1,
911,formation,207-0,H9,,JR西日本,網干総合車両所 明石支所 ,4,1,
912,formation,207-0,H10,,JR西日本,網干総合車両所 明石支所 ,4,1,
913,formation,207-0,H11,,JR西日本,網干総合車両所 明石支所 ,4,1,
914,formation,207-0,H12,,JR西日本,網干総合車両所 明石支所 ,4,1,
915,formation,207-0,H13,,JR西日本,網干総合車両所 明石支所 ,4,1,
916,formation,207-0,H14,,JR西日本,網干総合車両所 明石支所 ,4,1,
917,formation,207-0,H15,,JR西日本,網干総合車両所 明石支所 ,4,1,
918,formation,207-0,H16,,JR西日本,網干総合車両所 明石支所 ,4,1,
919,formation,207-1000,T1,,JR西日本,網干総合車両所 明石支所 ,4,1,
920,formation,207-1000,T2,,JR西日本,網干総合車両所 明石支所 ,4,1,
921,formation,207-1000,T3,,JR西日本,網干総合車両所 明石支所 ,4,1,
922,formation,207-1000,T4,,JR西日本,網干総合車両所 明石支所 ,4,1,
923,formation,207-1000,T5,,JR西日本,網干総合車両所 明石支所 ,4,1,
924,formation,207-1000,T6,,JR西日本,網干総合車両所 明石支所 ,4,1,
925,formation,207-1000,T7,,JR西日本,網干総合車両所 明石支所 ,4,1,
926,formation,207-1000,T8,,JR西日本,網干総合車両所 明石支所 ,4,1,
927,formation,207-1000,T9,,JR西日本,網干総合車両所 明石支所 ,4,1,
928,formation,207-1000,T10,,JR西日本,網干総合車両所 明石支所 ,4,1,
929,formation,207-1000,T11,,JR西日本,網干総合車両所 明石支所 ,4,1,
930,formation,207-1000,T12,,JR西日本,網干総合車両所 明石支所 ,4,1,
931,formation,207-1000,T13,,JR西日本,網干総合車両所 明石支所 ,4,1,
932,formation,207-1000,T14,,JR西日本,網干総合車両所 明石支所 ,4,1,
933,formation,207-1000,T15,,JR西日本,網干総合車両所 明石支所 ,4,1,
934,formation,207-1000,T16,,JR西日本,網干総合車両所 明石支所 ,4,1,
935,formation,207-1000,T17,,JR西日本,網干総合車両所 明石支所 ,4,1,
936,formation,207-1000,T19,,JR西日本,網干総合車両所 明石支所 ,4,1,
937,formation,207-2000,T20,,JR西日本,網干総合車両所 明石支所 ,4,1,
938,formation,207-2000,T21,,JR西日本,網干総合車両所 明石支所 ,4,1,
939,formation,207-2000,T22,,JR西日本,網干総合車両所 明石支所 ,4,1,
940,formation,207-2000,T23,,JR西日本,網干総合車両所 明石支所 ,4,1,
941,formation,207-2000,T24,,JR西日本,網干総合車両所 明石支所 ,4,1,
942,formation,207-2000,T25,,JR西日本,網干総合車両所 明石支所 ,4,1,
943,formation,207-2000,T26,,JR西日本,網干総合車両所 明石支所 ,4,1,
944,formation,207-2000,T27,,JR西日本,網干総合車両所 明石支所 ,4,1,
945,formation,207-2000,T28,,JR西日本,網干総合車両所 明石支所 ,4,1,
946,formation,207-2000,T29,,JR西日本,網干総合車両所 明石支所 ,4,1,
947,formation,207-2000,T30,,JR西日本,網干総合車両所 明石支所 ,4,1,
948,formation,207-1000,S1,,JR西日本,網干総合車両所 明石支所 ,3,1,
949,formation,207-1000,S2,,JR西日本,網干総合車両所 明石支所 ,3,1,
950,formation,207-1000,S3,,JR西日本,網干総合車両所 明石支所 ,3,1,
951,formation,207-1000,S4,,JR西日本,網干総合車両所 明石支所 ,3,1,
952,formation,207-1000,S5,,JR西日本,網干総合車両所 明石支所 ,3,1,
953,formation,207-1000,S6,,JR西日本,網干総合車両所 明石支所 ,3,1,
954,formation,207-1000,S7,,JR西日本,網干総合車両所 明石支所 ,3,1,
955,formation,207-1000,S8,,JR西日本,網干総合車両所 明石支所 ,3,1,
956,formation,207-1000,S9,,JR西日本,網干総合車両所 明石支所 ,3,1,
957,formation,207-1000,S10,,JR西日本,網干総合車両所 明石支所 ,3,1,
958,formation,207-1000,S11,,JR西日本,網干総合車両所 明石支所 ,3,1,
959,formation,207-1000,S12,,JR西日本,網干総合車両所 明石支所 ,3,1,
960,formation,207-1000,S13,,JR西日本,網干総合車両所 明石支所 ,3,1,
961,formation,207-1000,S14,,JR西日本,網干総合車両所 明石支所 ,3,1,
962,formation,207-1000,S15,,JR西日本,網干総合車両所 明石支所 ,3,1,
963,formation,207-1000,S16,,JR西日本,網干総合車両所 明石支所 ,3,1,
964,formation,207-1000,S17,,JR西日本,網干総合車両所 明石支所 ,3,1,
965,formation,207-1000,S18,,JR西日本,網干総合車両所 明石支所 ,3,1,
966,formation,207-1000,S19,,JR西日本,網干総合車両所 明石支所 ,3,1,
967,formation,207-1000,S20,,JR西日本,網干総合車両所 明石支所 ,3,1,
968,formation,207-1000,S21,,JR西日本,網干総合車両所 明石支所 ,3,1,
969,formation,207-1000,S22,,JR西日本,網干総合車両所 明石支所 ,3,1,
970,formation,207-1000,S23,,JR西日本,網干総合車両所 明石支所 ,3,1,
971,formation,207-1000,S24,,JR西日本,網干総合車両所 明石支所 ,3,1,
972,formation,207-1000,S25,,JR西日本,網干総合車両所 明石支所 ,3,1,
973,formation,207-1000,S26,,JR西日本,網干総合車両所 明石支所 ,3,1,
974,formation,207-1000,S27,,JR西日本,網干総合車両所 明石支所 ,3,1,
975,formation,207-1000,S28,,JR西日本,網干総合車両所 明石支所 ,3,1,
976,formation,207-1000,S29,,JR西日本,網干総合車両所 明石支所 ,3,1,
977,formation,207-1000,S30,,JR西日本,網干総合車両所 明石支所 ,3,1,
978,formation,207-1000,S31,,JR西日本,網干総合車両所 明石支所 ,3,1,
979,formation,207-1000,S32,,JR西日本,網干総合車両所 明石支所 ,3,1,
980,formation,207-1000,S33,,JR西日本,網干総合車両所 明石支所 ,3,1,
981,formation,207-1000,S34,,JR西日本,網干総合車両所 明石支所 ,3,1,
982,formation,207-1000,S35,,JR西日本,網干総合車両所 明石支所 ,3,1,
983,formation,207-1000,S36,,JR西日本,網干総合車両所 明石支所 ,3,1,
984,formation,207-1000,S37,,JR西日本,網干総合車両所 明石支所 ,3,1,
985,formation,207-1000,S38,,JR西日本,網干総合車両所 明石支所 ,3,1,
986,formation,207-1000,S39,,JR西日本,網干総合車両所 明石支所 ,3,1,
987,formation,207-1000,S40,,JR西日本,網干総合車両所 明石支所 ,3,1,
988,formation,207-1000,S41,,JR西日本,網干総合車両所 明石支所 ,3,1,
989,formation,207-1000,S42,,JR西日本,網干総合車両所 明石支所 ,3,1,
990,formation,207-1000,S43,,JR西日本,網干総合車両所 明石支所 ,3,1,
991,formation,207-1000,S44,,JR西日本,網干総合車両所 明石支所 ,3,1,
992,formation,207-1000,S45,,JR西日本,網干総合車両所 明石支所 ,3,1,
993,formation,207-1000,S46,,JR西日本,網干総合車両所 明石支所 ,3,1,
994,formation,207-1000,S47,,JR西日本,網干総合車両所 明石支所 ,3,1,
995,formation,207-1000,S48,,JR西日本,網干総合車両所 明石支所 ,3,1,
996,formation,207-1000,S49,,JR西日本,網干総合車両所 明石支所 ,3,1,
997,formation,207-1000,S50,,JR西日本,網干総合車両所 明石支所 ,3,1,
998,formation,207-1000,S51,,JR西日本,網干総合車両所 明石支所 ,3,1,
999,formation,207-1000,S52,,JR西日本,網干総合車両所 明石支所 ,3,1,
1000,formation,207-1000,S53,,JR西日本,網干総合車両所 明石支所 ,3,1,
1001,formation,207-1000,S54,,JR西日本,網干総合車両所 明石支所 ,3,1,
1002,formation,207-1000,S55,,JR西日本,網干総合車両所 明石支所 ,3,1,
1003,formation,207-2000,S56,,JR西日本,網干総合車両所 明石支所 ,3,1,
1004,formation,207-2000,S57,,JR西日本,網干総合車両所 明石支所 ,3,1,
1005,formation,207-2000,S58,,JR西日本,網干総合車両所 明石支所 ,3,1,
1006,formation,207-2000,S59,,JR西日本,網干総合車両所 明石支所 ,3,1,
1007,formation,207-2000,S60,,JR西日本,網干総合車両所 明石支所 ,3,1,
1008,formation,207-2000,S61,,JR西日本,網干総合車両所 明石支所 ,3,1,
1009,formation,207-2000,S62,,JR西日本,網干総合車両所 明石支所 ,3,1,
1010,formation,207-2000,S63,,JR西日本,網干総合車両所 明石支所 ,3,1,
1011,formation,207-2000,S64,,JR西日本,網干総合車両所 明石支所 ,3,1,
1012,formation,207-2000,S65,,JR西日本,網干総合車両所 明石支所 ,3,1,
1013,formation,207-2000,S66,,JR西日本,網干総合車両所 明石支所 ,3,1,
1014,formation,207-2000,S67,,JR西日本,網干総合車両所 明石支所 ,3,1,
1015,formation,207-1000,Y1,,JR西日本,網干総合車両所 明石支所 ,2,1,
1016,formation,207-1000,X1,,JR西日本,網干総合車両所 明石支所 ,6,1,
1017,formation,キヤE193-0,Easti-D,,JR東日本,秋田総合車両センター,3,1,Easti-D
1018,formation,GV-E197-0,TS01,,JR東日本,群馬車両センター,6,1,砕石輸送・車両輸送用
1019,formation,GV-E197-0,TS02,,JR東日本,群馬車両センター,6,1,砕石輸送・車両輸送用
1020,formation,GV-E197-100,TS03,,JR東日本,群馬車両センター,6,1,砕石輸送・車両輸送用
1021,formation,GV-E197-100,TS04,,JR東日本,群馬車両センター,6,1,砕石輸送・車両輸送用
1022,formation,GV-E197-100,TS05,,JR東日本,群馬車両センター,6,1,砕石輸送・車両輸送用
1023,formation,GV-E197-100,TS06,,JR東日本,群馬車両センター,6,1,砕石輸送・車両輸送用
1024,formation,GV-E197-100,TS07,,JR東日本,群馬車両センター,6,1,砕石輸送・車両輸送用
1025,formation,GV-E197-200,TS08,,JR東日本,群馬車両センター,6,1,車両輸送・牽引用
1026,formation,E231-500,A501,,JR東日本,三鷹車両センター,10,1,
1027,formation,E231-500,A502,,JR東日本,三鷹車両センター,10,1,
1028,formation,E231-500,A503,,JR東日本,三鷹車両センター,10,1,
1029,formation,E231-500,A504,,JR東日本,三鷹車両センター,10,1,
1030,formation,E231-500,A505,,JR東日本,三鷹車両センター,10,1,
1031,formation,E231-500,A506,,JR東日本,三鷹車両センター,10,1,
1032,formation,E231-500,A507,,JR東日本,三鷹車両センター,10,1,
1033,formation,E231-500,A508,,JR東日本,三鷹車両センター,10,1,
1034,formation,E231-500,A509,,JR東日本,三鷹車両センター,10,1,
1035,formation,E231-500,A510,,JR東日本,三鷹車両センター,10,1,
1036,formation,E231-500,A511,,JR東日本,三鷹車両センター,10,1,
1037,formation,E231-500,A512,,JR東日本,三鷹車両センター,10,1,
1038,formation,E231-500,A513,,JR東日本,三鷹車両センター,10,1,
1039,formation,E231-500,A514,,JR東日本,三鷹車両センター,10,1,
1040,formation,E231-500,A515,,JR東日本,三鷹車両センター,10,1,
1041,formation,E231-500,A516,,JR東日本,三鷹車両センター,10,1,
1042,formation,E231-500,A517,,JR東日本,三鷹車両センター,10,1,
1043,formation,E231-500,A518,,JR東日本,三鷹車両センター,10,1,
1044,formation,E231-500,A519,,JR東日本,三鷹車両センター,10,1,
1045,formation,E231-500,A520,,JR東日本,三鷹車両センター,10,1,
1046,formation,E231-500,A521,,JR東日本,三鷹車両センター,10,1,
1047,formation,E231-500,A522,,JR東日本,三鷹車両センター,10,1,
1048,formation,E231-500,A523,,JR東日本,三鷹車両センター,10,1,
1049,formation,E231-500,A524,,JR東日本,三鷹車両センター,10,1,
1050,formation,E231-500,A525,,JR東日本,三鷹車両センター,10,1,
1051,formation,E231-500,A526,,JR東日本,三鷹車両センター,10,1,
1052,formation,E231-500,A527,,JR東日本,三鷹車両センター,10,1,
1053,formation,E231-500,A528,,JR東日本,三鷹車両センター,10,1,
1054,formation,E231-500,A529,,JR東日本,三鷹車両センター,10,1,
1055,formation,E231-500,A530,,JR東日本,三鷹車両センター,10,1,
1056,formation,E231-500,A531,,JR東日本,三鷹車両センター,10,1,
1057,formation,E231-500,A532,,JR東日本,三鷹車両センター,10,1,
1058,formation,E231-500,A533,,JR東日本,三鷹車両センター,10,1,
1059,formation,E231-500,A534,,JR東日本,三鷹車両センター,10,1,
1060,formation,E231-500,A535,,JR東日本,三鷹車両センター,10,1,
1061,formation,E231-500,A536,,JR東日本,三鷹車両センター,10,1,
1062,formation,E231-500,A537,,JR東日本,三鷹車両センター,10,1,
1063,formation,E231-500,A538,,JR東日本,三鷹車両センター,10,1,
1064,formation,E231-500,A539,,JR東日本,三鷹車両センター,10,1,
1065,formation,E231-500,A540,,JR東日本,三鷹車両センター,10,1,
1066,formation,E231-500,A541,,JR東日本,三鷹車両センター,10,1,
1067,formation,E231-500,A542,,JR東日本,三鷹車両センター,10,1,
1068,formation,E231-500,A543,,JR東日本,三鷹車両センター,10,1,
1069,formation,E231-500,A544,,JR東日本,三鷹車両センター,10,1,
1070,formation,E231-500,A545,,JR東日本,三鷹車両センター,10,1,
1071,formation,E231-500,A546,,JR東日本,三鷹車両センター,10,1,
1072,formation,E231-500,A547,,JR東日本,三鷹車両センター,10,1,
1073,formation,E231-500,A548,,JR東日本,三鷹車両センター,10,1,
1074,formation,E231-500,A549,,JR東日本,三鷹車両センター,10,1,
1075,formation,E231-500,A550,,JR東日本,三鷹車両センター,10,1,
1076,formation,E231-500,A551,,JR東日本,三鷹車両センター,10,1,
1077,formation,E231-500,A552,,JR東日本,三鷹車両センター,10,1,
1078,formation,E231-0,B10,,JR東日本,三鷹車両センター,10,1,
1079,formation,E231-0,B11,,JR東日本,三鷹車両センター,10,1,
1080,formation,E231-0,B12,,JR東日本,三鷹車両センター,10,1,
1081,formation,E231-0,B14,,JR東日本,三鷹車両センター,10,1,
1082,formation,E231-0,B26,,JR東日本,三鷹車両センター,10,1,
1083,formation,E231-0,B27,,JR東日本,三鷹車両センター,10,1,
1084,formation,E231-800,K1,,JR東日本,三鷹車両センター,10,1,
1085,formation,E231-800,K2,,JR東日本,三鷹車両センター,10,1,
1086,formation,E231-800,K3,,JR東日本,三鷹車両センター,10,1,
1087,formation,E231-800,K4,,JR東日本,三鷹車両センター,10,1,
1088,formation,E231-800,K5,,JR東日本,三鷹車両センター,10,1,
1089,formation,E231-800,K6,,JR東日本,三鷹車両センター,10,1,
1090,formation,E231-800,K7,,JR東日本,三鷹車両センター,10,1,
1091,formation,E231-0,101,,JR東日本,松戸車両センター,10,1,
1092,formation,E231-0,102,,JR東日本,松戸車両センター,10,1,
1093,formation,E231-0,103,,JR東日本,松戸車両センター,10,1,
1094,formation,E231-0,104,,JR東日本,松戸車両センター,10,1,
1095,formation,E231-0,105,,JR東日本,松戸車両センター,10,1,
1096,formation,E231-0,106,,JR東日本,松戸車両センター,10,1,
1097,formation,E231-0,107,,JR東日本,松戸車両センター,10,1,
1098,formation,E231-0,108,,JR東日本,松戸車両センター,10,1,
1099,formation,E231-0,109,,JR東日本,松戸車両センター,10,1,
1100,formation,E231-0,110,,JR東日本,松戸車両センター,10,1,
1101,formation,E231-0,111,,JR東日本,松戸車両センター,10,1,
1102,formation,E231-0,112,,JR東日本,松戸車両センター,10,1,
1103,formation,E231-0,113,,JR東日本,松戸車両センター,10,1,
1104,formation,E231-0,114,,JR東日本,松戸車両センター,10,1,
1105,formation,E231-0,115,,JR東日本,松戸車両センター,10,1,
1106,formation,E231-0,116,,JR東日本,松戸車両センター,10,1,
1107,formation,E231-0,117,,JR東日本,松戸車両センター,10,1,
1108,formation,E231-0,118,,JR東日本,松戸車両センター,10,1,
1109,formation,E231-0,119,,JR東日本,松戸車両センター,10,1,
1110,formation,E231-0,121,,JR東日本,松戸車両センター,5,1,
1111,formation,E231-0,122,,JR東日本,松戸車両センター,5,1,
1112,formation,E231-0,123,,JR東日本,松戸車両センター,5,1,
1113,formation,E231-0,124,,JR東日本,松戸車両センター,5,1,
1114,formation,E231-0,125,,JR東日本,松戸車両センター,5,1,
1115,formation,E231-0,126,,JR東日本,松戸車両センター,5,1,
1116,formation,E231-0,127,,JR東日本,松戸車両センター,5,1,
1117,formation,E231-0,128,,JR東日本,松戸車両センター,5,1,
1118,formation,E231-0,129,,JR東日本,松戸車両センター,5,1,
1119,formation,E231-0,130,,JR東日本,松戸車両センター,5,1,
1120,formation,E231-0,131,,JR東日本,松戸車両センター,5,1,
1121,formation,E231-0,132,,JR東日本,松戸車両センター,5,1,
1122,formation,E231-0,133,,JR東日本,松戸車両センター,5,1,
1123,formation,E231-0,134,,JR東日本,松戸車両センター,5,1,
1124,formation,E231-0,135,,JR東日本,松戸車両センター,5,1,
1125,formation,E231-0,136,,JR東日本,松戸車両センター,5,1,
1126,formation,E231-0,137,,JR東日本,松戸車両センター,5,1,
1127,formation,E231-0,138,,JR東日本,松戸車両センター,5,1,
1128,formation,E231-0,139,,JR東日本,松戸車両センター,5,1,
1129,formation,E231-1000,U501,,JR東日本,小山車両センター,10,1,
1130,formation,E231-1000,U502,,JR東日本,小山車両センター,10,1,
1131,formation,E231-1000,U503,,JR東日本,小山車両センター,10,1,
1132,formation,E231-1000,U504,,JR東日本,小山車両センター,10,1,
1133,formation,E231-1000,U505,,JR東日本,小山車両センター,10,1,
1134,formation,E231-1000,U506,,JR東日本,小山車両センター,10,1,
1135,formation,E231-1000,U507,,JR東日本,小山車両センター,10,1,
1136,formation,E231-1000,U508,,JR東日本,小山車両センター,10,1,
1137,formation,E231-1000,U509,,JR東日本,小山車両センター,10,1,
1138,formation,E231-1000,U510,,JR東日本,小山車両センター,10,1,
1139,formation,E231-1000,U511,,JR東日本,小山車両センター,10,1,
1140,formation,E231-1000,U512,,JR東日本,小山車両センター,10,1,
1141,formation,E231-1000,U513,,JR東日本,小山車両センター,10,1,
1142,formation,E231-1000,U514,,JR東日本,小山車両センター,10,1,
1143,formation,E231-1000,U515,,JR東日本,小山車両センター,10,1,
1144,formation,E231-1000,U516,,JR東日本,小山車両センター,10,1,
1145,formation,E231-1000,U517,,JR東日本,小山車両センター,10,1,
1146,formation,E231-1000,U518,,JR東日本,小山車両センター,10,1,
1147,formation,E231-1000,U519,,JR東日本,小山車両センター,10,1,
1148,formation,E231-1000,U520,,JR東日本,小山車両センター,10,1,
1149,formation,E231-1000,U521,,JR東日本,小山車両センター,10,1,
1150,formation,E231-1000,U522,,JR東日本,小山車両センター,10,1,
1151,formation,E231-1000,U523,,JR東日本,小山車両センター,10,1,
1152,formation,E231-1000,U524,,JR東日本,小山車両センター,10,1,
1153,formation,E231-1000,U525,,JR東日本,小山車両センター,10,1,
1154,formation,E231-1000,U526,,JR東日本,小山車両センター,10,1,
1155,formation,E231-1000,U527,,JR東日本,小山車両センター,10,1,
1156,formation,E231-1000,U528,,JR東日本,小山車両センター,10,1,
1157,formation,E231-1000,U529,,JR東日本,小山車両センター,10,1,
1158,formation,E231-1000,U530,,JR東日本,小山車両センター,10,1,
1159,formation,E231-1000,U531,,JR東日本,小山車両センター,10,1,
1160,formation,E231-1000,U532,,JR東日本,小山車両センター,10,1,
1161,formation,E231-1000,U533,,JR東日本,小山車両センター,10,1,
1162,formation,E231-1000,U534,,JR東日本,小山車両センター,10,1,
1163,formation,E231-1000,U535,,JR東日本,小山車両センター,10,1,
1164,formation,E231-1000,U536,,JR東日本,小山車両センター,10,1,
1165,formation,E231-1000,U537,,JR東日本,小山車両センター,10,1,
1166,formation,E231-1000,U538,,JR東日本,小山車両センター,10,1,
1167,formation,E231-1000,U539,,JR東日本,小山車両センター,10,1,
1168,formation,E231-1000,U540,,JR東日本,小山車両センター,10,1,
1169,formation,E231-1000,U541,,JR東日本,小山車両センター,10,1,
1170,formation,E231-1000,U584,,JR東日本,小山車両センター,10,1,
1171,formation,E231-1000,U585,,JR東日本,小山車両センター,10,1,
1172,formation,E231-1000,U586,,JR東日本,小山車両センター,10,1,
1173,formation,E231-1000,U587,,JR東日本,小山車両センター,10,1,
1174,formation,E231-1000,U588,,JR東日本,小山車両センター,10,1,
1175,formation,E231-1000,U589,,JR東日本,小山車両センター,10,1,
1176,formation,E231-1000,U590,,JR東日本,小山車両センター,10,1,
1177,formation,E231-1000,U591,,JR東日本,小山車両センター,10,1,
1178,formation,E231-1000,U2,,JR東日本,小山車両センター,5,1,
1179,formation,E231-1000,U4,,JR東日本,小山車両センター,5,1,
1180,formation,E231-1000,U6,,JR東日本,小山車両センター,5,1,
1181,formation,E231-1000,U8,,JR東日本,小山車両センター,5,1,
1182,formation,E231-1000,U10,,JR東日本,小山車両センター,5,1,
1183,formation,E231-1000,U12,,JR東日本,小山車両センター,5,1,
1184,formation,E231-1000,U14,,JR東日本,小山車両センター,5,1,
1185,formation,E231-1000,U16,,JR東日本,小山車両センター,5,1,
1186,formation,E231-1000,U18,,JR東日本,小山車両センター,5,1,
1187,formation,E231-1000,U20,,JR東日本,小山車両センター,5,1,
1188,formation,E231-1000,U31,,JR東日本,小山車両センター,5,1,
1189,formation,E231-1000,U33,,JR東日本,小山車両センター,5,1,
1190,formation,E231-1000,U35,,JR東日本,小山車両センター,5,1,
1191,formation,E231-1000,U37,,JR東日本,小山車両センター,5,1,
1192,formation,E231-1000,U39,,JR東日本,小山車両センター,5,1,
1193,formation,E231-1000,U45,,JR東日本,小山車両センター,5,1,
1194,formation,E231-1000,U51,,JR東日本,小山車両センター,5,1,
1195,formation,E231-1000,U53,,JR東日本,小山車両センター,5,1,
1196,formation,E231-1000,U55,,JR東日本,小山車両センター,5,1,
1197,formation,E231-1000,U57,,JR東日本,小山車両センター,5,1,
1198,formation,E231-1000,U58,,JR東日本,小山車両センター,5,1,
1199,formation,E231-1000,U59,,JR東日本,小山車両センター,5,1,
1200,formation,E231-1000,U60,,JR東日本,小山車両センター,5,1,
1201,formation,E231-1000,U61,,JR東日本,小山車両センター,5,1,
1202,formation,E231-1000,U63,,JR東日本,小山車両センター,5,1,
1203,formation,E231-1000,U64,,JR東日本,小山車両センター,5,1,
1204,formation,E231-1000,U67,,JR東日本,小山車両センター,5,1,
1205,formation,E231-1000,U69,,JR東日本,小山車両センター,5,1,
1206,formation,E231-1000,U105,,JR東日本,小山車両センター,5,1,
1207,formation,E231-1000,U107,,JR東日本,小山車両センター,5,1,
1208,formation,E231-1000,U109,,JR東日本,小山車両センター,5,1,
1209,formation,E231-1000,U111,,JR東日本,小山車両センター,5,1,
1210,formation,E231-1000,U113,,JR東日本,小山車両センター,5,1,
1211,formation,E231-1000,U115,,JR東日本,小山車両センター,5,1,
1212,formation,E231-1000,U118,,JR東日本,小山車両センター,5,1,
1213,formation,E231-1000,K01,,JR東日本,国府津車両センター,10,1,
1214,formation,E231-1000,K02,,JR東日本,国府津車両センター,10,1,
1215,formation,E231-1000,K03,,JR東日本,国府津車両センター,10,1,
1216,formation,E231-1000,K04,,JR東日本,国府津車両センター,10,1,
1217,formation,E231-1000,K05,,JR東日本,国府津車両センター,10,1,
1218,formation,E231-1000,K06,,JR東日本,国府津車両センター,10,1,
1219,formation,E231-1000,K07,,JR東日本,国府津車両センター,10,1,
1220,formation,E231-1000,K08,,JR東日本,国府津車両センター,10,1,
1221,formation,E231-1000,K09,,JR東日本,国府津車両センター,10,1,
1222,formation,E231-1000,K10,,JR東日本,国府津車両センター,10,1,
1223,formation,E231-1000,K11,,JR東日本,国府津車両センター,10,1,
1224,formation,E231-1000,K12,,JR東日本,国府津車両センター,10,1,
1225,formation,E231-1000,K13,,JR東日本,国府津車両センター,10,1,
1226,formation,E231-1000,K14,,JR東日本,国府津車両センター,10,1,
1227,formation,E231-1000,K15,,JR東日本,国府津車両センター,10,1,
1228,formation,E231-1000,K16,,JR東日本,国府津車両センター,10,1,
1229,formation,E231-1000,K17,,JR東日本,国府津車両センター,10,1,
1230,formation,E231-1000,K18,,JR東日本,国府津車両センター,10,1,
1231,formation,E231-1000,K19,,JR東日本,国府津車両センター,10,1,
1232,formation,E231-1000,K20,,JR東日本,国府津車両センター,10,1,
1233,formation,E231-1000,K21,,JR東日本,国府津車両センター,10,1,
1234,formation,E231-1000,K22,,JR東日本,国府津車両センター,10,1,
1235,formation,E231-1000,K23,,JR東日本,国府津車両センター,10,1,
1236,formation,E231-1000,K24,,JR東日本,国府津車両センター,10,1,
1237,formation,E231-1000,K25,,JR東日本,国府津車両センター,10,1,
1238,formation,E231-1000,K26,,JR東日本,国府津車両センター,10,1,
1239,formation,E231-1000,K27,,JR東日本,国府津車両センター,10,1,
1240,formation,E231-1000,K28,,JR東日本,国府津車両センター,10,1,
1241,formation,E231-1000,K29,,JR東日本,国府津車両センター,10,1,
1242,formation,E231-1000,K30,,JR東日本,国府津車両センター,10,1,
1243,formation,E231-1000,K31,,JR東日本,国府津車両センター,10,1,
1244,formation,E231-1000,K32,,JR東日本,国府津車両センター,10,1,
1245,formation,E231-1000,K33,,JR東日本,国府津車両センター,10,1,
1246,formation,E231-1000,K34,,JR東日本,国府津車両センター,10,1,
1247,formation,E231-1000,K35,,JR東日本,国府津車両センター,10,1,
1248,formation,E231-1000,K36,,JR東日本,国府津車両センター,10,1,
1249,formation,E231-1000,K37,,JR東日本,国府津車両センター,10,1,
1250,formation,E231-1000,K38,,JR東日本,国府津車両センター,10,1,
1251,formation,E231-1000,K39,,JR東日本,国府津車両センター,10,1,
1252,formation,E231-1000,K40,,JR東日本,国府津車両センター,10,1,
1253,formation,E231-1000,K41,,JR東日本,国府津車両センター,10,1,
1254,formation,E231-1000,K42,,JR東日本,国府津車両センター,10,1,
1255,formation,E231-1000,S01,,JR東日本,国府津車両センター,5,1,
1256,formation,E231-1000,S02,,JR東日本,国府津車両センター,5,1,
1257,formation,E231-1000,S03,,JR東日本,国府津車両センター,5,1,
1258,formation,E231-1000,S04,,JR東日本,国府津車両センター,5,1,
1259,formation,E231-1000,S05,,JR東日本,国府津車両センター,5,1,
1260,formation,E231-1000,S06,,JR東日本,国府津車両センター,5,1,
1261,formation,E231-1000,S07,,JR東日本,国府津車両センター,5,1,
1262,formation,E231-1000,S08,,JR東日本,国府津車両センター,5,1,
1263,formation,E231-1000,S09,,JR東日本,国府津車両センター,5,1,
1264,formation,E231-1000,S10,,JR東日本,国府津車両センター,5,1,
1265,formation,E231-1000,S11,,JR東日本,国府津車両センター,5,1,
1266,formation,E231-1000,S12,,JR東日本,国府津車両センター,5,1,
1267,formation,E231-1000,S13,,JR東日本,国府津車両センター,5,1,
1268,formation,E231-1000,S14,,JR東日本,国府津車両センター,5,1,
1269,formation,E231-1000,S15,,JR東日本,国府津車両センター,5,1,
1270,formation,E231-1000,S16,,JR東日本,国府津車両センター,5,1,
1271,formation,E231-1000,S17,,JR東日本,国府津車両センター,5,1,
1272,formation,E231-1000,S18,,JR東日本,国府津車両センター,5,1,
1273,formation,E231-1000,S19,,JR東日本,国府津車両センター,5,1,
1274,formation,E231-1000,S20,,JR東日本,国府津車両センター,5,1,
1275,formation,E231-1000,S21,,JR東日本,国府津車両センター,5,1,
1276,formation,E231-1000,S22,,JR東日本,国府津車両センター,5,1,
1277,formation,E231-1000,S23,,JR東日本,国府津車両センター,5,1,
1278,formation,E231-1000,S24,,JR東日本,国府津車両センター,5,1,
1279,formation,E231-1000,S25,,JR東日本,国府津車両センター,5,1,
1280,formation,E231-1000,S26,,JR東日本,国府津車両センター,5,1,
1281,formation,E231-1000,S27,,JR東日本,国府津車両センター,5,1,
1282,formation,E231-1000,S28,,JR東日本,国府津車両センター,5,1,
1283,formation,E231-1000,S29,,JR東日本,国府津車両センター,5,1,
1284,formation,E231-1000,S30,,JR東日本,国府津車両センター,5,1,
1285,formation,E231-1000,S31,,JR東日本,国府津車両センター,5,1,
1286,formation,E231-1000,S32,,JR東日本,国府津車両センター,5,1,
1287,formation,E231-1000,S33,,JR東日本,国府津車両センター,5,1,
1288,formation,E231-1000,S34,,JR東日本,国府津車両センター,5,1,
1289,formation,E231-3000,41,,JR東日本,川越車両センター,4,1,
1290,formation,E231-3000,42,,JR東日本,川越車両センター,4,1,
1291,formation,E231-3000,43,,JR東日本,川越車両センター,4,1,
1292,formation,E231-3000,44,,JR東日本,川越車両センター,4,1,
1293,formation,E231-3000,45,,JR東日本,川越車両センター,4,1,
1294,formation,E231-3000,46,,JR東日本,川越車両センター,4,1,
1295,formation,10030,11631F,,東武鉄道,七光台支所,6,1,
1296,formation,10030,11632F,,東武鉄道,七光台支所,6,1,
1297,formation,10030,11633F,,東武鉄道,七光台支所,6,1,
1298,formation,10030,11635F,,東武鉄道,七光台支所,6,1,
1299,formation,10030,11636F,,東武鉄道,七光台支所,6,1,
1300,formation,10030,11651F,,東武鉄道,七光台支所,6,1,
1301,formation,10030,11652F,,東武鉄道,七光台支所,6,1,
1302,formation,10030,11653F,,東武鉄道,七光台支所,6,1,
1303,formation,10030,11654F,,東武鉄道,七光台支所,6,1,
1304,formation,60000,61501F,,東武鉄道,七光台支所,5,1,
1305,formation,60000,61502F,,東武鉄道,七光台支所,5,1,
1306,formation,60000,61503F,,東武鉄道,七光台支所,5,1,
1307,formation,60000,61504F,,東武鉄道,七光台支所,6,1,
1308,formation,60000,61505F,,東武鉄道,七光台支所,5,1,
1309,formation,60000,61506F,,東武鉄道,七光台支所,6,1,
1310,formation,60000,61507F,,東武鉄道,七光台支所,5,1,
1311,formation,60000,61508F,,東武鉄道,七光台支所,6,1,
1312,formation,60000,61509F,,東武鉄道,七光台支所,6,1,
1313,formation,60000,61510F,,東武鉄道,七光台支所,6,1,
1314,formation,60000,61511F,,東武鉄道,七光台支所,6,1,
1315,formation,60000,61512F,,東武鉄道,七光台支所,6,1,
1316,formation,60000,61513F,,東武鉄道,七光台支所,6,1,
1317,formation,60000,61514F,,東武鉄道,七光台支所,6,1,
1318,formation,60000,61515F,,東武鉄道,七光台支所,6,1,
1319,formation,60000,61516F,,東武鉄道,七光台支所,6,1,
1320,formation,60000,61517F,,東武鉄道,七光台支所,6,1,
1321,formation,60000,61518F,,東武鉄道,七光台支所,6,1,
1322,formation,80000,81501F,,東武鉄道,七光台支所,5,1,
1323,formation,80000,81502F,,東武鉄道,七光台支所,5,1,
1324,formation,80000,81503F,,東武鉄道,七光台支所,5,1,
1325,formation,80000,81504F,,東武鉄道,七光台支所,5,1,
1326,formation,80000,81505F,,東武鉄道,七光台支所,5,1,
1327,formation,80050,81551F,,東武鉄道,七光台支所,5,1,
1328,formation,80050,81552F,,東武鉄道,七光台支所,5,1,
1329,formation,80050,81553F,,東武鉄道,七光台支所,5,1,
1330,formation,80050,81554F,,東武鉄道,七光台支所,5,1,
1331,formation,8000,8158F,,東武鉄道,七光台支所,6,1,
1332,formation,8000,8162F,,東武鉄道,七光台支所,6,1,
1333,formation,8000,8163F,,東武鉄道,七光台支所,6,1,
1334,formation,8000,8164F,,東武鉄道,七光台支所,6,1,
1335,formation,8000,8165F,,東武鉄道,七光台支所,6,1,
1336,formation,8000,8166F,,東武鉄道,七光台支所,6,1,
1337,formation,8000,8170F,,東武鉄道,七光台支所,6,1,
1338,formation,8000,8171F,,東武鉄道,七光台支所,6,1,
1339,formation,8000,8192F,,東武鉄道,七光台支所,6,1,
1340,formation,8000,81110F,,東武鉄道,七光台支所,6,1,
1341,formation,8000,81113F,,東武鉄道,七光台支所,6,1,
1342,formation,8000,81114F,,東武鉄道,七光台支所,6,1,
1343,formation,8000,81117F,,東武鉄道,七光台支所,6,1,
1344,formation,8000,8111F,,東武鉄道,七光台支所,6,1,
1345,formation,6000,634-11F,,東武鉄道,南栗橋車両管区,2,1,
1346,formation,6000,634-21F,,東武鉄道,南栗橋車両管区,2,1,
1347,formation,6500,6503F,,名古屋鉄道,名鉄本線系統,4,1,
1348,formation,6500,6504F,,名古屋鉄道,名鉄本線系統,4,1,
1349,formation,6500,6506F,,名古屋鉄道,名鉄本線系統,4,1,
1350,formation,6500,6508F,,名古屋鉄道,名鉄本線系統,4,1,
1351,formation,6500,6509F,,名古屋鉄道,名鉄本線系統,4,1,
1352,formation,6500,6510F,,名古屋鉄道,名鉄本線系統,4,1,
1353,formation,6500,6511F,,名古屋鉄道,名鉄本線系統,4,1,
1354,formation,6500,6512F,,名古屋鉄道,名鉄本線系統,4,1,
1355,formation,6500,6513F,,名古屋鉄道,名鉄本線系統,4,1,
1356,formation,6500,6514F,,名古屋鉄道,名鉄本線系統,4,1,
1357,formation,6500,6515F,,名古屋鉄道,名鉄本線系統,4,1,
1358,formation,6500,6516F,,名古屋鉄道,名鉄本線系統,4,1,
1359,formation,6500,6517F,,名古屋鉄道,名鉄本線系統,4,1,
1360,formation,6500,6518F,,名古屋鉄道,名鉄本線系統,4,1,
1361,formation,6500,6519F,,名古屋鉄道,名鉄本線系統,4,1,
1362,formation,6500,6520F,,名古屋鉄道,名鉄本線系統,4,1,
1363,formation,6500,6521F,,名古屋鉄道,名鉄本線系統,4,1,
1364,formation,6500,6522F,,名古屋鉄道,名鉄本線系統,4,1,
1365,formation,6500,6523F,,名古屋鉄道,名鉄本線系統,4,1,
1366,formation,6500,6524F,,名古屋鉄道,名鉄本線系統,4,1,
